beruf,gebietsart,gebietsnummer,geburtsdatum,geschlecht,gruppe,name,namenszusatz,titel,vorname,vorperiode,wahlart,Gebiet,bundesland_kennung,bundesland,party
Dipl.-Agraringenieur / Angestellter ö. D. / Unternehmer,WAHLKREIS,7,1952,m,2,Abercron,von,Dr.,Michael,N,E,Pinneberg,1.0,,CDU/CSU
Angestellte,LAND,4,1976,w,34,Achelwilm,0,0,Doris Maria,N,Z,0,4.0,,Die Linke
Vermögensverwalter,LAND,3,1965,m,4,Aggelidis,0,0,Grigorios,N,Z,0,3.0,,FDP
Sozialwissenschaftlerin,LAND,8,1982,w,34,Akbulut,0,0,Gökay,N,Z,0,8.0,,Die Linke
MdB / Geschäftsführer,LAND,3,1968,m,2,Albani,0,0,Stephan,J,Z,0,3.0,,CDU/CSU
Chemieingenieurin,LAND,8,1965,w,4,Alt,0,0,Renata,N,Z,0,8.0,,FDP
Bürgermeister,WAHLKREIS,181,1972,m,2,Altenkamp,0,0,Norbert Maria,N,E,Main-Taunus,6.0,,CDU/CSU
Jurist,WAHLKREIS,297,1958,m,2,Altmaier,0,0,Peter,J,E,Saarlouis,10.0,,CDU/CSU
Jurist,WAHLKREIS,16,1992,m,2,Amthor,0,0,Philipp,N,E,Mecklenburgische Seenplatte I – Vorpommern-Greifswald II,13.0,,CDU/CSU
MdB / Islamwissenschaftlerin,LAND,1,1984,w,5,Amtsberg,0,0,Luise,J,Z,0,1.0,,Grüne
Dipl.-Volkswirtin,LAND,8,1968,w,5,Andreae,0,0,Kerstin,J,Z,0,8.0,,Grüne
Historiker,WAHLKREIS,20,1973,m,1,Annen,0,0,Niels,J,E,Hamburg-Eimsbüttel,2.0,,SPD
MdB / Dipl.-Kauffrau / Dipl.-Soziologin,LAND,5,1961,w,1,Arndt-Brauer,0,0,Ingrid,J,Z,0,5.0,,SPD
Rechtsanwältin,LAND,1,1959,w,4,Aschenberg-Dugnus,0,0,Christine,N,Z,0,1.0,,FDP
MdB / Landwirtschaftsmeister,WAHLKREIS,241,1963,m,3,Auernhammer,0,0,Artur,J,E,Ansbach,9.0,,CDU/CSU
Dipl.-Betriebswirt (FH),WAHLKREIS,233,1976,m,3,Aumer,0,0,Peter,N,E,Regensburg,9.0,,CDU/CSU
Politikwissenschaftlerin,LAND,9,1983,w,5,Badum,0,0,Lisa Hildegard,N,Z,0,9.0,,Grüne
MdB / Diakonin,LAND,8,1955,w,1,Baehrens,0,0,Heike,J,Z,0,8.0,,SPD
Völkerrechtlerin,LAND,12,1980,w,5,Baerbock,0,0,Annalena,J,Z,0,12.0,,Grüne
MdB,LAND,9,1964,w,1,Bahr,0,0,Ulrike,J,Z,0,9.0,,SPD
MdB,WAHLKREIS,248,1978,w,3,Bär,0,0,Dorothee,J,E,Bad Kissingen,9.0,,CDU/CSU
MdB,WAHLKREIS,295,1975,m,2,Bareiß,0,0,Thomas,J,E,Zollernalb – Sigmaringen,8.0,,CDU/CSU
MdB / Juristin,LAND,7,1968,w,1,Barley,0,Dr.,Katarina,J,Z,0,7.0,,SPD
MdB / Juristin,LAND,7,1953,w,1,Barnett,0,0,Doris,J,Z,0,7.0,,SPD
Verlegerin,LAND,9,1963,w,34,Barrientos Krauss,0,0,Simone,N,Z,0,9.0,,Die Linke
MdB / parl. Staatssekretär,WAHLKREIS,269,1952,m,2,Barthle,0,0,Norbert,J,E,Backnang – Schwäbisch Gmünd,8.0,,CDU/CSU
Jurist,WAHLKREIS,19,1959,m,1,Bartke,0,Dr.,Matthias,J,E,Hamburg-Altona,2.0,,SPD
Dipl.-Politologe,WAHLKREIS,171,1974,m,1,Bartol,0,0,Sören,J,E,Marburg,6.0,,SPD
MdB,LAND,13,1958,m,34,Bartsch,0,Dr.,Dietmar Gerhard,J,Z,0,13.0,,Die Linke
MdB,WAHLKREIS,115,1968,w,1,Bas,0,0,Bärbel,J,E,Duisburg I,5.0,,SPD
Dipl.-Wirtschaftsingenieurin (FH),LAND,9,1987,w,4,Bauer,0,0,Nicole,N,Z,0,9.0,,FDP
Kaufmann,LAND,2,1958,m,35,Baumann,0,Dr.,Bernd,N,Z,0,2.0,,AfD
MdL,LAND,9,1959,w,5,Bause,0,0,Margarete,N,Z,0,9.0,,Grüne
Unternehmensberater,LAND,8,1983,m,5,Bayaz,0,Dr.,Danyal,N,Z,0,8.0,,Grüne
Rechtsanwältin,WAHLKREIS,83,1966,w,5,Bayram,0,0,Canan,N,E,Berlin-Friedrichshain-Kreuzberg – Prenzlauer Berg Ost,11.0,,Grüne
Rechtsanwalt,LAND,3,1969,m,4,Beeck,0,0,Jens,N,Z,0,3.0,,FDP
selbst. Unternehmer,LAND,5,1967,m,4,Beek,in der,0,Olaf,N,Z,0,5.0,,FDP
Rechtsanwältin,LAND,6,1970,w,4,Beer,0,0,Nicola Gertrud Ruth,N,Z,0,6.0,,FDP
MdB / Sparkassenbetriebswirt,WAHLKREIS,40,1981,m,2,Beermann,0,0,Maik,J,E,Nienburg II – Schaumburg,3.0,,CDU/CSU
MdB,WAHLKREIS,67,1956,m,2,Behrens,0,0,Manfred,J,E,Börde – Jerichower Land,15.0,,CDU/CSU
MdB,WAHLKREIS,161,1960,w,2,Bellmann,0,0,Veronika,J,E,Mittelsachsen,14.0,,CDU/CSU
Dipl.-Ing. Landschaftsplanung,WAHLKREIS,129,1961,w,2,Benning,0,0,Sybille,J,E,Münster,5.0,,CDU/CSU
MdB / Jurist,WAHLKREIS,38,1972,m,2,Berghegger,0,Dr.,André,J,E,Osnabrück-Land,3.0,,CDU/CSU
Rechtsanwalt / Geschäftsführer,LAND,8,1972,m,35,Bernhard,0,0,Marc,N,Z,0,8.0,,AfD
Kulturwissenschaftlerin,WAHLKREIS,6,1976,w,2,Bernstein,0,0,Melanie,N,E,Plön – Neumünster,1.0,,CDU/CSU
Kommunikationsberater,WAHLKREIS,72,1984,m,2,Bernstiel,0,0,Christoph,N,E,Halle,15.0,,CDU/CSU
Historiker,LAND,1,1978,m,34,Beutin,0,0,Lorenz Gösta,N,Z,0,1.0,,Die Linke
MdB / Rechtsanwalt,WAHLKREIS,105,1970,m,2,Beyer,0,0,Peter,J,E,Mettmann II,5.0,,CDU/CSU
ltd. Angestellter in der Digitalbranche,WAHLKREIS,260,1979,m,2,Biadacz,0,0,Marc,N,E,Böblingen,8.0,,CDU/CSU
MdB / Verleger,WAHLKREIS,281,1962,m,2,Bieberstein,Marschall von,0,Matern,J,E,Freiburg,8.0,,CDU/CSU
MdB / Rechtsanwalt,WAHLKREIS,265,1979,m,2,Bilger,0,0,Steffen,J,E,Ludwigsburg,8.0,,CDU/CSU
MdB / Dipl.-Mathematiker,LAND,8,1950,m,1,Binding,0,0,Lothar,J,Z,0,8.0,,SPD
Dipl.-Sozialwissenschaftler,LAND,5,1961,m,34,Birkwald,0,0,Matthias W.,J,Z,0,5.0,,Die Linke
Student,LAND,7,1988,m,35,Bleck,0,0,Andreas,N,Z,0,7.0,,AfD
MdB / Landwirtschaftsmeister,WAHLKREIS,200,1952,m,2,Bleser,0,0,Peter,J,E,Mosel/Rhein-Hunsrück,7.0,,CDU/CSU
MdB,LAND,13,1958,w,34,Bluhm,0,0,Heidrun,J,Z,0,13.0,,Die Linke
Kaufmann / Wirtschaftspublizist,LAND,9,1969,m,35,Boehringer,0,0,Peter Christian Pascal,N,Z,0,9.0,,AfD
Jurist,WAHLKREIS,10,1954,m,2,Brackmann,0,0,Norbert,J,E,Herzogtum Lauenburg – Stormarn-Süd,1.0,,CDU/CSU
MdB,WAHLKREIS,174,1973,m,2,Brand,0,0,Michael,J,E,Fulda,6.0,,CDU/CSU
Unternehmensberater,LAND,8,1986,m,4,Brandenburg,0,Dr.,Jens,N,Z,0,8.0,,FDP
Wirtschaftsinformatiker,LAND,7,1983,m,4,Brandenburg,0,0,Mario,N,Z,0,7.0,,FDP
MdB / Dipl.-Wirtschaftsingenieur,WAHLKREIS,216,1977,m,3,Brandl,0,Dr.,Reinhard,J,E,Ingolstadt,9.0,,CDU/CSU
Rechtsanwalt,LAND,16,1966,m,35,Brandner,0,0,Stephan,N,Z,0,16.0,,AfD
Schauspieler,LAND,8,1990,m,34,Brandt,0,0,Michel,N,Z,0,8.0,,Die Linke
MdB,LAND,8,1979,w,5,Brantner,0,Dr.,Franziska,J,Z,0,8.0,,Grüne
parl. Staatssekretär,LAND,5,1967,m,2,Brauksiepe,0,Dr.,Ralf,J,Z,0,5.0,,CDU/CSU
Arzt,WAHLKREIS,173,1972,m,2,Braun,0,Prof. Dr.,Helge Reinhold,J,E,Gießen,6.0,,CDU/CSU
Kommunikationsberater,LAND,8,1961,m,35,Braun,0,0,Jürgen,N,Z,0,8.0,,AfD
Geschäftsführerin / Rechtsanwältin,WAHLKREIS,32,1973,w,2,Breher,0,0,Silvia,N,E,Cloppenburg – Vechta,3.0,,CDU/CSU
Steuerberater / Dipl.-Kaufmann,WAHLKREIS,244,1971,m,3,Brehm,0,0,Sebastian,N,E,Nürnberg-Nord,9.0,,CDU/CSU
MdB / Dipl.-Betriebswirtin (FH),WAHLKREIS,68,1962,w,2,Brehmer,0,0,Heike,J,E,Harz,15.0,,CDU/CSU
Einzelhandelskauffrau,LAND,8,1960,w,1,Breymaier,0,0,Leni,N,Z,0,8.0,,SPD
MdB / Steuerberater,WAHLKREIS,131,1968,m,2,Brinkhaus,0,0,Ralph,J,E,Gütersloh I,5.0,,CDU/CSU
ltd. Angestellter / Dipl.-Volkswirt,WAHLKREIS,99,1967,m,2,Brodesser,0,Dr.,Carsten,N,E,Oberbergischer Kreis,5.0,,CDU/CSU
ltd. Angestellter / Dipl.-Volkswirt,WAHLKREIS,99,1967,m,2,Brodesser,0,Dr.,Carsten,N,E,Bundesgebiet,0.0,,CDU/CSU
MdB,LAND,8,1985,w,5,Brugger,0,0,Agnes,J,Z,0,8.0,,Grüne
MdB,LAND,9,1953,m,1,Brunner,0,Dr.,Karl Heinz,J,Z,0,9.0,,SPD
Rechtsanwalt,LAND,1,1961,m,4,Buchholz,0,Dr.,Bernd,N,Z,0,1.0,,FDP
Erziehungswissenschaftlerin,LAND,6,1971,w,34,Buchholz,0,0,Christine,J,Z,0,6.0,,Die Linke
MdL / Dipl.-Ing. für Arbeitsgestaltung,LAND,15,1965,w,1,Budde,0,0,Katrin,N,Z,0,15.0,,SPD
Dipl.-Informatiker (M. Sc.) (FH),LAND,16,1977,m,35,Bühl,0,0,Marcus,N,Z,0,16.0,,AfD
Erziehungswissenschaftlerin / Soziologin,LAND,15,1963,w,34,Bull-Bischoff,0,0,Birke,N,Z,0,15.0,,Die Linke
freier Journalist / Publizist,WAHLKREIS,142,1971,m,1,Bülow,0,0,Marco,J,E,Dortmund I,5.0,,SPD
MdB / Gewerkschaftssekretär,LAND,9,1964,m,1,Burkert,0,0,Martin,J,Z,0,9.0,,SPD
Rechtsanwalt,LAND,5,1977,m,4,Buschmann,0,Dr.,Marco,N,Z,0,5.0,,FDP
Dipl.-Ingenieur,LAND,5,1951,m,4,Busen,0,0,Karlheinz,N,Z,0,5.0,,FDP
Informatiker,LAND,15,1990,m,35,Büttner,0,0,Matthias,N,Z,0,15.0,,AfD
Unternehmer,LAND,9,1972,m,35,Bystron,0,0,Petr,N,Z,0,9.0,,AfD
MdB / Hochschulprofessor,LAND,8,1974,m,1,Castellucci,0,Dr.,Lars,J,Z,0,8.0,,SPD
Geschäftsführer,LAND,6,1958,m,34,Cezanne,0,0,Jörg,N,Z,0,6.0,,Die Linke
wiss. Referentin,LAND,8,1983,w,5,Christmann,0,Dr.,Anna,N,Z,0,8.0,,Grüne
selbst. Malermeister,WAHLKREIS,157,1975,m,35,Chrupalla,0,0,Tino,N,E,Görlitz,14.0,,AfD
MdB / Rechtsanwältin,WAHLKREIS,25,1964,w,2,Connemann,0,0,Gitta,J,E,Unterems,3.0,,CDU/CSU
selbständig,LAND,6,1973,w,35,Cotar,0,0,Joana Eleonora,N,Z,0,6.0,,AfD
Unternehmer,LAND,5,1962,m,4,Cronenberg,0,0,Carl-Julius,N,Z,0,5.0,,FDP
MdAB,LAND,11,1960,m,35,Curio,0,Dr.,Gottfried,N,Z,0,11.0,,AfD
Journalistin,LAND,5,1975,w,34,Dağdelen,0,0,Sevim,J,Z,0,5.0,,Die Linke
MdB,LAND,5,1956,m,1,Daldrup,0,0,Bernhard,J,Z,0,5.0,,SPD
geschäftsf. Gesellschafterin Coaching und Beratung,WAHLKREIS,2,1958,w,2,Damerow,0,0,Astrid,N,E,Nordfriesland – Dithmarschen Nord,1.0,,CDU/CSU
Unternehmerin,LAND,9,1964,w,4,Dassler,0,0,Britta Katharina,N,Z,0,9.0,,FDP
Liederautor / Medienunternehmer,LAND,3,1950,m,34,Dehm-Desoi,0,Dr.,Jörg-Diether Wilhelm,J,Z,0,3.0,,Die Linke
MdB / Dipl.-Verwaltungswissenschaftlerin,LAND,9,1971,w,5,Deligöz,0,0,Ekin,J,Z,0,9.0,,Grüne
MdB / Dipl.-Chemiker,LAND,15,1961,m,1,Diaby,0,Dr.,Karamba,J,Z,0,15.0,,SPD
Rechtsanwältin / Notarin,WAHLKREIS,167,1965,w,1,Dilcher,0,0,Esther,N,E,Waldeck,6.0,,SPD
MdB,LAND,9,1964,w,1,Dittmar,0,0,Sabine,J,Z,0,9.0,,SPD
hauptamtl. Dezernent,LAND,5,1976,m,4,Djir-Sarai,0,0,Bijan,N,Z,0,5.0,,FDP
MdB,WAHLKREIS,226,1970,m,3,Dobrindt,0,0,Alexander,J,E,Weilheim,9.0,,CDU/CSU
Publizistin,LAND,12,1968,w,34,Domscheit-Berg,0,0,Anke,N,Z,0,12.0,,Die Linke
MdB,WAHLKREIS,289,1967,m,2,Donth,0,0,Michael,J,E,Reutlingen,8.0,,CDU/CSU
MdB,LAND,5,1976,w,5,Dörner,0,0,Katja,J,Z,0,5.0,,Grüne
Kauffrau im Einzelhandel,LAND,5,1953,w,2,Dött,0,0,Marie-Luise,J,Z,0,5.0,,CDU/CSU
Hotelkaufmann,LAND,14,1969,m,35,Droese,0,0,Siegbert,N,Z,0,14.0,,AfD
Dipl.-Volkswirtin,LAND,5,1984,w,5,Dröge,0,0,Katharina,J,Z,0,5.0,,Grüne
MdL / Dipl.-Ökonom,LAND,3,1977,m,4,Dürr,0,0,Christian,N,Z,0,3.0,,FDP
MdB,WAHLKREIS,253,1971,m,3,Durz,0,0,Hansjörg,J,E,Augsburg-Land,9.0,,CDU/CSU
Wirtschaftsprüfer / Steuerberater,LAND,11,1956,m,4,Ebbing,0,0,Hartmut Heinrich Wilhelm,N,Z,0,11.0,,FDP
MdB / Dipl.-Agraringenieur,LAND,8,1964,m,5,Ebner,0,0,Harald,J,Z,0,8.0,,Grüne
Pilot,LAND,3,1959,m,35,Ehrhorn,0,0,Thomas,N,Z,0,3.0,,AfD
Vertriebsleiter,LAND,5,1978,m,35,Elsner von Gronow,0,0,Gerhard Helmuth Berengar,N,Z,0,5.0,,AfD
Dipl.-Ing. Elektrotechnik (FH),WAHLKREIS,227,1974,m,3,Erndl,0,0,Thomas,N,E,Deggendorf,9.0,,CDU/CSU
MdB / Gewerkschaftssekretär,LAND,9,1954,m,34,Ernst,0,0,Klaus Friedrich,J,Z,0,9.0,,Die Linke
wiss. Mitarbeiterin,WAHLKREIS,132,1984,w,1,Esdar,0,0,Wiebke,N,E,Bielefeld – Gütersloh II,5.0,,SPD
MdB / Informatikerin,LAND,8,1961,w,1,Esken,0,0,Saskia,J,Z,0,8.0,,SPD
prom. Mathematiker,LAND,5,1989,m,35,Espendiller,0,Dr.,Michael,N,Z,0,5.0,,AfD
Angestellter,LAND,15,1984,m,4,Faber,0,Dr.,Marcus,N,Z,0,15.0,,FDP
Staatssekretärin / Dipl.-Chemikerin,WAHLKREIS,42,1967,w,1,Fahimi,0,0,Yasmin,N,E,Stadt Hannover II,3.0,,SPD
MdB,WAHLKREIS,263,1963,m,2,Färber,0,0,Hermann,J,E,Göppingen,8.0,,CDU/CSU
MdB,LAND,8,1972,m,1,Fechner,0,Dr.,Johannes,J,Z,0,8.0,,SPD
Dipl.-Finanzwirt,WAHLKREIS,58,1965,m,2,Feiler,0,0,Uwe Wolfgang Werner,J,E,Oberhavel – Havelland II,12.0,,CDU/CSU
MdB / klassischer Philologe / Lehrer,WAHLKREIS,82,1968,m,1,Felgentreu,0,Dr.,Fritz,J,E,Berlin-Neukölln,11.0,,SPD
Unternehmer,LAND,9,1969,m,35,Felser,0,0,Peter,N,Z,0,9.0,,AfD
parl. Staatssekretär,WAHLKREIS,29,1963,m,2,Ferlemann,0,0,Enak,J,E,Cuxhaven – Stade II,3.0,,CDU/CSU
Betriebsratsvorsitzende,LAND,9,1973,w,34,Ferschl,0,0,Susanne,N,Z,0,9.0,,Die Linke
MdB,WAHLKREIS,272,1966,m,2,Fischer,0,0,Axel,J,E,Karlsruhe-Land,8.0,,CDU/CSU
MdB / Tierärztin,LAND,3,1963,w,2,Flachsbarth,0,Dr.,Maria Franziska,J,Z,0,3.0,,CDU/CSU
selbständig,LAND,9,1976,m,4,Föst,0,0,Daniel,N,Z,0,9.0,,FDP
MdB,WAHLKREIS,170,1960,m,1,Franke,0,Dr.,Edgar Konrad Hartmut,J,E,Schwalm-Eder,6.0,,SPD
MdB,LAND,12,1951,m,1,Freese,0,0,Ulrich Ronald,J,Z,0,12.0,,SPD
MdB,WAHLKREIS,286,1973,m,2,Frei,0,0,Thorsten,J,E,Schwarzwald-Baar,8.0,,CDU/CSU
Lehrerin,LAND,7,1955,w,34,Freihold,0,0,Brigitte,N,Z,0,7.0,,Die Linke
Lehrerin a. D.,WAHLKREIS,150,1953,w,1,Freitag,0,0,Dagmar,J,E,Märkischer Kreis II,5.0,,SPD
Rechtsanwalt,LAND,5,1965,m,4,Fricke,0,0,Otto,N,Z,0,5.0,,FDP
Dipl.-Ingenieur / Vertriebstrainer,LAND,3,1966,m,35,Friedhoff,0,0,Dietmar,N,Z,0,3.0,,AfD
MdB,WAHLKREIS,239,1957,m,3,Friedrich,0,Dr.,Hans-Peter,J,E,Hof,9.0,,CDU/CSU
wiss. Mitarbeiter,LAND,16,1985,m,35,Friesen,0,Dr.,Anton,N,Z,0,16.0,,AfD
MdB / Rechtsanwalt,WAHLKREIS,245,1964,m,3,Frieser,0,0,Michael,J,E,Nürnberg-Süd,9.0,,CDU/CSU
Pressesprecher,LAND,8,1991,m,35,Frohnmaier,0,0,Markus,N,Z,0,8.0,,AfD
Studiendirektor,LAND,11,1968,m,35,Frömming,0,Dr.,Götz,N,Z,0,11.0,,AfD
MdB / parl. Staatssekretär,WAHLKREIS,280,1952,m,2,Fuchtel,0,0,Hans-Joachim,J,E,Calw,8.0,,CDU/CSU
Apothekerin,LAND,5,1958,w,34,Gabelmann,0,0,Sylvia,N,Z,0,5.0,,Die Linke
MdB / Bundesminister,WAHLKREIS,49,1959,m,1,Gabriel,0,0,Sigmar Hartmut,J,E,Salzgitter – Wolfenbüttel,3.0,,SPD
Berufssoldat,WAHLKREIS,9,1960,m,2,Gädechens,0,0,Ingo,J,E,Ostholstein – Stormarn-Nord,1.0,,CDU/CSU
MdB,LAND,8,1970,m,5,Gastel,0,0,Matthias,J,Z,0,8.0,,Grüne
MdL,LAND,12,1941,m,35,Gauland,0,Dr.,Eberhardt Alexander,N,Z,0,12.0,,AfD
MdB,WAHLKREIS,211,1971,m,2,Gebhart,0,Dr.,Thomas,J,E,Südpfalz,7.0,,CDU/CSU
Dipl.-Sozialwissenschaftler,LAND,5,1977,m,5,Gehring,0,0,Kai Boris,J,Z,0,5.0,,Grüne
Arzt,LAND,1,1942,m,35,Gehrke,0,Dr.,Axel,N,Z,0,1.0,,AfD
MdAB / Rechtsanwalt,LAND,11,1976,m,5,Gelbhaar,0,0,Stefan,N,Z,0,11.0,,Grüne
MdB / Elektrohauer,WAHLKREIS,125,1960,m,1,Gerdes,0,0,Michael,J,E,Bottrop – Recklinghausen III,5.0,,SPD
MdB / Landwirtschaftsmeister,WAHLKREIS,276,1956,m,2,Gerig,0,0,Alois,J,E,Odenwald – Tauber,8.0,,CDU/CSU
MdB,LAND,8,1971,m,1,Gerster,0,0,Martin,J,Z,0,8.0,,SPD
MdB / Kaufmann,WAHLKREIS,266,1951,m,2,Gienger,0,0,Eberhard,J,E,Neckar-Zaber,8.0,,CDU/CSU
Stadtkämmerer a. D.,LAND,6,1942,m,35,Glaser,0,0,Albrecht Heinz Erhard,N,Z,0,6.0,,AfD
MdB,LAND,7,1962,w,1,Glöckner,0,0,Angelika,J,Z,0,7.0,,SPD
Dipl.-Kauffrau,LAND,8,1945,w,35,Gminder,0,0,Franziska,N,Z,0,8.0,,AfD
Sozialdezernent / Volljurist,WAHLKREIS,66,1958,m,2,Gnodtke,0,0,Eckhard,N,E,Altmark,15.0,,CDU/CSU
MdB / Kommunikationswissenschaftlerin,LAND,9,1975,w,34,Gohlke,0,0,Nicole Stephanie,J,Z,0,9.0,,Die Linke
MdB,LAND,16,1966,w,5,Göring-Eckardt,0,0,Katrin,J,Z,0,16.0,,Grüne
Beamter i. R.,LAND,3,1940,m,35,Gottberg,von,0,Wilhelm,N,Z,0,3.0,,AfD
Angestellter,LAND,5,1965,m,35,Gottschalk,0,0,Kay,N,Z,0,5.0,,AfD
MdL,WAHLKREIS,168,1976,m,1,Gremmels,0,0,Timon,N,E,Kassel,6.0,,SPD
MdB,LAND,5,1966,w,1,Griese,0,0,Kerstin,J,Z,0,5.0,,SPD
MdB / Bankkauffrau,WAHLKREIS,205,1965,w,2,Groden-Kranich,0,0,Ursula,J,E,Mainz,7.0,,CDU/CSU
MdB / Bundesminister / Jurist,WAHLKREIS,108,1961,m,2,Gröhe,0,0,Hermann,J,E,Neuss I,5.0,,CDU/CSU
MdB / Jurist,WAHLKREIS,80,1966,m,2,Gröhler,0,0,Klaus-Dieter,J,E,Berlin-Charlottenburg-Wilmersdorf,11.0,,CDU/CSU
Geschäftsbereichsleiter,WAHLKREIS,122,1956,m,1,Groß,0,0,Michael Peter,J,E,Recklinghausen II,5.0,,SPD
MdB / Rechtsanwalt,WAHLKREIS,36,1960,m,2,Grosse-Brömer,0,0,Michael,J,E,Harburg,3.0,,CDU/CSU
MdB / Dipl.-Ökotrophologin,WAHLKREIS,28,1964,w,2,Grotelüschen,0,0,Astrid Katharina Josefine,J,E,Delmenhorst – Wesermarsch – Oldenburg-Land,3.0,,CDU/CSU
MdB / Polizeibeamter,LAND,9,1975,m,1,Grötsch,0,0,Uli,J,Z,0,9.0,,SPD
MdB / parl. Staatssekretär,WAHLKREIS,261,1959,m,2,Grübel,0,0,Markus,J,E,Esslingen,8.0,,CDU/CSU
Dipl.-Elektroingenieur,WAHLKREIS,189,1955,m,2,Grund,0,0,Manfred,J,E,Eichsfeld – Nordhausen – Kyffhäuserkreis,16.0,,CDU/CSU
Vertriebsmanager,LAND,9,1963,m,5,Grundl,0,0,Erhard,N,Z,0,9.0,,Grüne
MdB / Rechtsanwalt,WAHLKREIS,30,1971,m,2,Grundmann,0,0,Oliver Klaus,J,E,Stade I – Rotenburg II,3.0,,CDU/CSU
Staatsministerin für Kultur und Medien,LAND,11,1962,w,2,Grütters,0,0,Monika,J,Z,0,11.0,,CDU/CSU
MdB,LAND,3,1966,m,2,Güntzler,0,0,Fritz,J,Z,0,3.0,,CDU/CSU
MdB / Rechtsanwalt,WAHLKREIS,278,1970,m,2,Gutting,0,0,Olav,J,E,Bruchsal – Schwetzingen,8.0,,CDU/CSU
Rechtsanwalt,WAHLKREIS,84,1948,m,34,Gysi,0,Dr.,Gregor,J,E,Berlin-Treptow-Köpenick,11.0,,Die Linke
Dipl.-Verwaltungswirt,WAHLKREIS,136,1966,m,2,Haase,0,0,Christian,J,E,Höxter – Lippe II,5.0,,CDU/CSU
Dipl.-Kaufmann,LAND,9,1967,m,4,Hacker,0,0,Thomas,N,Z,0,9.0,,FDP
MdB / Goldschmiedin,LAND,1,1955,w,1,Hagedorn,0,0,Bettina,J,Z,0,1.0,,SPD
MdB / Studienrätin,LAND,9,1970,w,1,Hagl-Kehl,0,0,Rita,J,Z,0,9.0,,SPD
MdB,LAND,14,1963,m,34,Hahn,0,Dr.,André,J,Z,0,14.0,,Die Linke
MdB,WAHLKREIS,221,1974,m,3,Hahn,0,0,Florian Peter,J,E,München-Land,9.0,,CDU/CSU
Dipl.-Psychologin,LAND,2,1963,w,5,Hajduk,0,0,Anja Margarete Helene,J,Z,0,2.0,,Grüne
Volljurist,WAHLKREIS,23,1969,m,1,Hakverdi,0,0,Metin,J,E,Hamburg-Bergedorf – Harburg,2.0,,SPD
Journalist,LAND,3,1957,m,35,Hampel,0,0,Armin-Paulus,N,Z,0,3.0,,AfD
MdB,LAND,8,1966,w,34,Hänsel,0,0,Heike,J,Z,0,8.0,,Die Linke
MdB / Rechtsanwalt,WAHLKREIS,277,1971,m,2,Harbarth,0,Dr.,Stephan,J,E,Rhein-Neckar,8.0,,CDU/CSU
Rechtsanwältin,LAND,6,1974,w,35,Harder-Kühnel,0,0,Mariana Iris,N,Z,0,6.0,,AfD
MdB / Dipl.-Volkswirt,WAHLKREIS,103,1963,m,2,Hardt,0,0,Jürgen,J,E,Solingen – Remscheid – Wuppertal II,5.0,,CDU/CSU
MdB,LAND,5,1977,m,1,Hartmann,0,0,Sebastian,J,Z,0,5.0,,SPD
Dipl.-Kommunikationswirtin,LAND,14,1974,w,35,Hartmann,0,0,Verena,N,Z,0,14.0,,AfD
Rechtsanwalt,LAND,5,1954,m,35,Hartwig,0,Dr.,Roland,N,Z,0,5.0,,AfD
Dipl.-Sozialarbeiterin,LAND,5,1961,w,5,Haßelmann,0,0,Britta,J,Z,0,5.0,,Grüne
MdB / Rechtsanwalt,WAHLKREIS,120,1977,m,2,Hauer,0,0,Matthias,J,E,Essen III,5.0,,CDU/CSU
Rechtsanwalt,LAND,5,1973,m,35,Haug,0,0,Jochen,N,Z,0,5.0,,AfD
MdB / Politikwissenschaftler,WAHLKREIS,196,1984,m,2,Hauptmann,0,0,Mark,J,E,Suhl – Schmalkalden-Meiningen – Hildburghausen – Sonneberg,16.0,,CDU/CSU
IT-Unternehmensberater,LAND,9,1959,m,35,Hebner,0,0,Martin,N,Z,0,9.0,,AfD
Geschäftsführer,WAHLKREIS,119,1961,m,1,Heidenblut,0,0,Dirk,J,E,Essen II,5.0,,SPD
Rechtsanwalt,WAHLKREIS,149,1966,m,2,Heider,0,Dr.,Matthias,J,E,Olpe – Märkischer Kreis I,5.0,,CDU/CSU
MdB / Politikwissenschaftler,WAHLKREIS,45,1972,m,1,Heil,0,0,Hubertus,J,E,Gifhorn – Peine,3.0,,SPD
MdB / Dipl.-Ing. Architektur,WAHLKREIS,198,1961,w,2,Heil,0,0,Mechthild,J,E,Ahrweiler,7.0,,CDU/CSU
Volljurist,WAHLKREIS,79,1964,m,2,Heilmann,0,0,Thomas,N,E,Berlin-Steglitz-Zehlendorf,11.0,,CDU/CSU
Theologe,WAHLKREIS,162,1964,m,2,Heinrich,0,0,Frank,J,E,Chemnitz,14.0,,CDU/CSU
MdB / Redakteurin,LAND,9,1963,w,1,Heinrich,0,0,Gabriela,J,Z,0,9.0,,SPD
MdB / Volljurist,LAND,7,1977,m,1,Held,0,0,Marcus,J,Z,0,7.0,,SPD
MdB / Betriebswirt,WAHLKREIS,3,1978,m,2,Helfrich,0,0,Mark,J,E,Steinburg – Dithmarschen Süd,1.0,,CDU/CSU
Rechtsanwältin,LAND,5,1986,w,4,Helling-Plahr,0,0,Katrin,N,Z,0,5.0,,FDP
MdB,LAND,5,1958,m,1,Hellmich,0,0,Wolfgang,J,Z,0,5.0,,SPD
selbst. Kaufmann,LAND,5,1959,m,35,Hemmelgarn,0,0,Udo Theodor,N,Z,0,5.0,,AfD
Bundesministerin,LAND,5,1952,w,1,Hendricks,0,Dr.,Barbara,J,Z,0,5.0,,SPD
MdB / Arzt,WAHLKREIS,87,1954,m,2,Henke,0,0,Rudolf,J,E,Aachen I,5.0,,CDU/CSU
MdB,WAHLKREIS,262,1965,m,2,Hennrich,0,0,Michael,J,E,Nürtingen,8.0,,CDU/CSU
Rechtsanwalt,WAHLKREIS,127,1976,m,2,Henrichmann,0,0,Marc,N,E,Coesfeld – Steinfurt II,5.0,,CDU/CSU
Steuerberater,LAND,5,1971,m,4,Herbrand,0,0,Markus,N,Z,0,5.0,,FDP
Dipl.-Kaufmann (FH),LAND,14,1973,m,4,Herbst,0,0,Torsten,N,Z,0,14.0,,FDP
Unternehmer,LAND,3,1962,m,35,Herdt,0,0,Waldemar,N,Z,0,3.0,,AfD
Polizeibeamter,LAND,14,1977,m,35,Herrmann,0,0,Klaus Lars,N,Z,0,14.0,,AfD
MdB / Chemielaborant,WAHLKREIS,209,1958,m,1,Herzog,0,0,Gustav,J,E,Kaiserslautern,7.0,,SPD
Polizeibeamter,LAND,8,1971,m,35,Hess,0,0,Martin Alexander,N,Z,0,8.0,,AfD
Rechtsanwältin,LAND,9,1972,w,4,Hessel,0,0,Katja,N,Z,0,9.0,,FDP
Physiker,LAND,14,1956,m,35,Heßenkemper,0,Prof. Dr.,Heiko,N,Z,0,14.0,,AfD
MdB / Oberregierungsrat a. D.,WAHLKREIS,110,1972,m,2,Heveling,0,0,Ansgar,J,E,Krefeld I – Neuss II,5.0,,CDU/CSU
MdB,LAND,1,1953,w,1,Hiller-Ohm,0,0,Gabriele,J,Z,0,1.0,,SPD
Beamter,WAHLKREIS,156,1964,m,35,Hilse,0,0,Karsten,N,E,Bautzen I,14.0,,AfD
Rechtsanwalt / Fachanwalt für Steuerrecht,WAHLKREIS,190,1976,m,2,Hirte,0,0,Christian,J,E,Eisenach – Wartburgkreis – Unstrut-Hainich-Kreis,16.0,,CDU/CSU
Universitätsprofessor,WAHLKREIS,94,1958,m,2,Hirte,0,Prof. Dr.,Heribert,J,E,Köln II,5.0,,CDU/CSU
MdB,LAND,7,1982,m,1,Hitschler,0,0,Thomas,J,Z,0,7.0,,SPD
Regierungsschuldirektorin,LAND,7,1970,w,35,Höchst,0,0,Nicole,N,Z,0,7.0,,AfD
MdL / Dipl.-Ökonom,LAND,3,1975,m,4,Hocker,0,Dr.,Gero Clemens,N,Z,0,3.0,,FDP
selbst. Unternehmer,LAND,7,1973,m,4,Höferlin,0,0,Manuel,N,Z,0,7.0,,FDP
MdB / Oberrechtsrat,WAHLKREIS,249,1975,m,3,Hoffmann,0,0,Alexander,J,E,Main-Spessart,9.0,,CDU/CSU
Dipl.-Biologin,LAND,6,1960,w,5,Hoffmann,0,Dr.,Bettina,N,Z,0,6.0,,Grüne
Bürgermeister,LAND,8,1957,m,4,Hoffmann,0,Dr.,Christoph,N,Z,0,8.0,,FDP
MdB / Dipl.-Biologe,LAND,9,1970,m,5,Hofreiter,0,Dr.,Anton,J,Z,0,9.0,,Grüne
MdB / Juristin,WAHLKREIS,75,1969,w,1,Högl,0,Dr.,Eva,J,E,Berlin-Mitte,11.0,,SPD
Bürgermeister a. D.,LAND,6,1948,m,35,Hohmann,0,0,Martin,N,Z,0,6.0,,AfD
MdL,LAND,15,1975,m,34,Höhn,0,0,Matthias,N,Z,0,15.0,,Die Linke
Wirtschaftswissenschaftler,LAND,1,1948,m,35,Hollnagel,0,Dr.,Bruno,N,Z,0,1.0,,AfD
Ökonom (M. Sc.) / Journalist,LAND,13,1970,m,35,Holm,0,0,Leif-Erik,N,Z,0,13.0,,AfD
MdB,WAHLKREIS,234,1956,m,3,Holmeier,0,0,Karl,J,E,Schwandorf,9.0,,CDU/CSU
MdL / Dipl.-Ökonom,LAND,3,1961,m,5,Holtz,von,0,Ottmar,N,Z,0,3.0,,Grüne
MdB / Bürgermeister a. D.,WAHLKREIS,43,1972,m,2,Hoppenstedt,0,Dr.,Hendrik,J,E,Hannover-Land I,3.0,,CDU/CSU
Unternehmer,LAND,5,1960,m,4,Houben,0,0,Reinhard,N,Z,0,5.0,,FDP
Finanzbuchhalter,LAND,9,1987,m,35,Huber,0,0,Johannes,N,Z,0,9.0,,AfD
Mediengestalter,LAND,5,1963,m,34,Hunko,0,0,Andrej,J,Z,0,5.0,,Die Linke
Staatssekretärin a. D. / Juristin,LAND,3,1956,w,4,Ihnen,0,0,Ulla,N,Z,0,3.0,,FDP
MdB,WAHLKREIS,214,1970,m,3,Irlstorfer,0,0,Erich,J,E,Freising,9.0,,CDU/CSU
Oberstudienrat,WAHLKREIS,172,1952,m,2,Irmer,0,0,Hans-Jürgen,N,E,Lahn-Dill,6.0,,CDU/CSU
Rechtsanwalt,LAND,5,1973,m,35,Jacobi,0,0,Fabian,N,Z,0,5.0,,AfD
MdB / Dipl.-Politologe,LAND,9,1976,m,5,Janecek,0,0,Dieter,J,Z,0,9.0,,Grüne
MdB / IT-Berater,WAHLKREIS,106,1973,m,2,Jarzombek,0,0,Thomas,J,E,Düsseldorf I,5.0,,CDU/CSU
Journalistin,LAND,5,1951,w,34,Jelpke,0,0,Ursula (Ulla),J,Z,0,5.0,,Die Linke
akadem. Mitarbeiter,LAND,8,1968,m,35,Jongen,0,Dr.,Marc Stephan,N,Z,0,8.0,,AfD
MdB,WAHLKREIS,287,1975,m,2,Jung,0,0,Andreas,J,E,Konstanz,8.0,,CDU/CSU
Studiendirektor,LAND,8,1977,m,4,Jung,0,Dr.,Christian,N,Z,0,8.0,,FDP
Staatssekretär,WAHLKREIS,179,1978,m,2,Jung,0,0,Ingmar Ludwig,N,E,Wiesbaden,6.0,,CDU/CSU
Dipl.-Sportlehrer,LAND,13,1967,m,1,Junge,0,0,Frank Michael,J,Z,0,13.0,,SPD
MdB / Kfz.-Mechaniker,LAND,8,1959,m,1,Juratovic,0,0,Josip,J,Z,0,8.0,,SPD
MdB / Funkmechaniker,LAND,14,1962,m,1,Jurk,0,0,Thomas Edmund,J,Z,0,14.0,,SPD
Oberregierungsrat,WAHLKREIS,144,1970,m,1,Kaczmarek,0,0,Oliver,J,E,Unna I,5.0,,SPD
Angestellter,WAHLKREIS,18,1963,m,1,Kahrs,0,0,Johannes,J,E,Hamburg-Mitte,2.0,,SPD
Pressesprecherin,LAND,16,1987,w,1,Kaiser,0,0,Elisabeth,N,Z,0,16.0,,SPD
Elektroniker / Kaufmann,LAND,5,1958,m,35,Kamann,0,0,Uwe,N,Z,0,5.0,,AfD
Ärztin,LAND,4,1966,w,5,Kappert-Gonther,0,Dr.,Kirsten,N,Z,0,4.0,,Grüne
Journalist,WAHLKREIS,139,1954,m,1,Kapschack,0,0,Ralf,J,E,Ennepe-Ruhr-Kreis II,5.0,,SPD
MdB,WAHLKREIS,232,1950,m,3,Karl,0,0,Alois,J,E,Amberg,9.0,,CDU/CSU
MdB / Geschäftsführerin Hotellerie,WAHLKREIS,128,1971,w,2,Karliczek,0,0,Anja,J,E,Steinfurt III,5.0,,CDU/CSU
Rechtsanwalt,WAHLKREIS,207,1979,m,2,Kartes,0,0,Jens Torbjörn,N,E,Ludwigshafen/Frankenthal,7.0,,CDU/CSU
Dipl.-Ökonomin,LAND,13,1958,w,34,Kassner,0,0,Karin Kerstin,J,Z,0,13.0,,Die Linke
MdB,LAND,8,1960,w,1,Katzmarek,0,0,Gabriele,J,Z,0,8.0,,SPD
MdB / Jurist,WAHLKREIS,285,1949,m,2,Kauder,0,0,Volker,J,E,Rottweil – Tuttlingen,8.0,,CDU/CSU
MdB / Rechtsanwalt,WAHLKREIS,258,1969,m,2,Kaufmann,0,Dr.,Stefan,J,E,Stuttgart I,8.0,,CDU/CSU
MdB / Dipl.-Volkswirt,LAND,9,1953,m,5,Kekeritz,0,0,Uwe,J,Z,0,9.0,,Grüne
MdB / Dipl.-Informatiker,WAHLKREIS,96,1968,m,1,Kelber,0,0,Ulrich,J,E,Bonn,5.0,,SPD
MdB,WAHLKREIS,291,1989,w,2,Kemmer,0,0,Ronja,J,E,Ulm,8.0,,CDU/CSU
Unternehmer,LAND,16,1965,m,4,Kemmerich,0,0,Thomas L.,N,Z,0,16.0,,FDP
Angestellter,LAND,6,1964,m,34,Kessler,0,Dr.,Achim Dieter,N,Z,0,6.0,,Die Linke
Bestatter,LAND,3,1971,m,35,Kestner,0,0,Jens,N,Z,0,3.0,,AfD
MdB / Rechtsanwältin,LAND,3,1969,w,5,Keul,0,0,Katja,J,Z,0,3.0,,Grüne
Bankkaufmann,LAND,5,1972,m,35,Keuter,0,0,Stefan,N,Z,0,5.0,,AfD
MdB,WAHLKREIS,270,1963,m,2,Kiesewetter,0,0,Roderich,J,E,Aalen – Heidenheim,8.0,,CDU/CSU
Erster Bürgermeister,WAHLKREIS,224,1973,m,3,Kießling,0,0,Michael Hannes,N,E,Starnberg – Landsberg am Lech,9.0,,CDU/CSU
MdB / Betriebswirt,LAND,3,1985,m,5,Kindler,0,0,Sven-Christian,J,Z,0,3.0,,Grüne
MdB / Rechtsanwalt,WAHLKREIS,91,1959,m,2,Kippels,0,Dr.,Georg,J,E,Rhein-Erft-Kreis I,5.0,,CDU/CSU
MdB / Literaturwissenschaftlerin,LAND,14,1978,w,34,Kipping,0,0,Katja,J,Z,0,14.0,,Die Linke
MdB / Dipl.-Volkswirtin,LAND,11,1975,w,1,Kiziltepe,0,0,Cansel,J,Z,0,11.0,,SPD
Lehrer,WAHLKREIS,118,1952,m,1,Klare,0,0,Arno,J,E,Mülheim – Essen I,5.0,,SPD
Dipl.-Kaufmann,LAND,9,1977,m,4,Klein,0,0,Karsten,N,Z,0,9.0,,FDP
MdB / Dipl.-Volkswirt,WAHLKREIS,148,1960,m,2,Klein,0,0,Volkmar,J,E,Siegen-Wittgenstein,5.0,,CDU/CSU
Soziologin,LAND,5,1958,w,5,Klein-Schmeink,0,0,Maria,J,Z,0,5.0,,Grüne
Lehrer,LAND,12,1986,m,35,Kleinwächter,0,0,Norbert,N,Z,0,12.0,,AfD
MdB,WAHLKREIS,35,1978,m,1,Klingbeil,0,0,Lars,J,E,Rotenburg I – Heidekreis,3.0,,SPD
Geschäftsführer Landtagsfraktion,LAND,8,1980,m,4,Klinge,0,Dr.,Marcel,N,Z,0,8.0,,FDP
Rechtsreferendarin,LAND,5,1987,w,4,Kloke,0,0,Katharina,N,Z,0,5.0,,FDP
Dipl.-Volkswirtin / Ministerialreferentin,LAND,11,1980,w,4,Kluckert,0,0,Daniela,N,Z,0,11.0,,FDP
MdB,WAHLKREIS,33,1967,m,2,Knoerig,0,0,Axel,J,E,Diepholz – Nienburg I,3.0,,CDU/CSU
Militärseelsorger,LAND,8,1971,m,4,Kober,0,0,Pascal,N,Z,0,8.0,,FDP
MdB,WAHLKREIS,57,1962,m,2,Koeppen,0,0,Jens,J,E,Uckermark – Barnim I,12.0,,CDU/CSU
MdB,LAND,9,1967,w,1,Kofler,0,Dr.,Bärbel,J,Z,0,9.0,,SPD
wiss. Mitarbeiter,LAND,9,1986,m,4,Köhler,0,Dr.,Lukas,N,Z,0,9.0,,FDP
MdB / Dipl.-Physikerin,LAND,14,1980,w,1,Kolbe,0,0,Daniela,J,Z,0,14.0,,SPD
Rechtsanwalt,LAND,13,1968,m,35,Komning,0,0,Enrico,N,Z,0,13.0,,AfD
Dipl.-Ingenieur (MBA),LAND,3,1967,m,35,König,0,0,Jörn,N,Z,0,3.0,,AfD
Dipl.-Agraringenieurin (FH),LAND,7,1982,w,4,Konrad,0,0,Carina,N,Z,0,7.0,,FDP
MdB,WAHLKREIS,176,1977,m,2,Koob,0,0,Markus Benjamin,J,E,Hochtaunus,6.0,,CDU/CSU
MdB / Betriebswirt,WAHLKREIS,165,1979,m,2,Körber,0,0,Carsten,J,E,Zwickau,14.0,,CDU/CSU
Dipl.-Verwaltungswirtin,LAND,5,1985,w,1,Korkmaz,0,0,Elvan,N,Z,0,5.0,,SPD
MdB / Politikwissenschaftler (M. A.),LAND,15,1977,m,34,Korte,0,0,Jan,J,Z,0,15.0,,Die Linke
Referent / Unternehmensberater,LAND,12,1971,m,35,Kotré,0,0,Steffen,N,Z,0,12.0,,AfD
MdB,LAND,8,1952,w,5,Kotting-Uhl,0,0,Sylvia,J,Z,0,8.0,,Grüne
Dipl.-Chemiker,LAND,9,1974,m,35,Kraft,0,Dr.,Rainer,N,Z,0,9.0,,AfD
MdB / parl. Staatssekretärin,LAND,9,1967,w,1,Kramme,0,0,Anette,J,Z,0,9.0,,SPD
MdL / Politikwissenschaftler,WAHLKREIS,164,1975,m,2,Krauß,0,0,Alexander Gerd,N,E,Erzgebirgskreis I,14.0,,CDU/CSU
Gewerkschaftssekretärin,LAND,3,1956,w,34,Krellmann,0,0,Jutta,J,Z,0,3.0,,Die Linke
MdB,WAHLKREIS,279,1964,m,2,Krichbaum,0,0,Gunther,J,E,Pforzheim,8.0,,CDU/CSU
MdB / Jurist,WAHLKREIS,109,1969,m,2,Krings,0,Dr.,Günter,J,E,Mönchengladbach,5.0,,CDU/CSU
MdB,LAND,5,1969,m,5,Krischer,0,0,Oliver Michael,J,Z,0,5.0,,Grüne
Geschäftsführer,LAND,2,1961,m,2,Kruse,0,0,Rüdiger,J,Z,0,2.0,,CDU/CSU
Rechtsanwalt / Dipl.-Volkswirt,LAND,1,1952,m,4,Kubicki,0,0,Wolfgang,N,Z,0,1.0,,FDP
Rechtsanwalt,WAHLKREIS,219,1972,m,3,Kuffer,0,0,Michael,N,E,München-Süd,9.0,,CDU/CSU
Rechtsanwalt,LAND,3,1989,m,4,Kuhle,0,0,Konstantin Elias,N,Z,0,3.0,,FDP
MdB,LAND,8,1979,m,5,Kühn,0,0,Christian,J,Z,0,8.0,,Grüne
MdB / Dipl.-Soziologe,LAND,14,1979,m,5,Kühn,0,0,Stephan,J,Z,0,14.0,,Grüne
MdB / Dipl.-Sporttherapeut / Physiotherapeut,WAHLKREIS,52,1967,m,2,Kühne,0,Dr.,Roy,J,E,Goslar – Northeim – Osterode,3.0,,CDU/CSU
Unternehmer,LAND,8,1981,m,4,Kulitz,0,0,Alexander,N,Z,0,8.0,,FDP
Rechtsanwältin,LAND,11,1955,w,5,Künast,0,0,Renate,J,Z,0,11.0,,Grüne
Dipl.-Politikwissenschaftler,LAND,5,1966,m,5,Kurth,0,0,Markus,J,Z,0,5.0,,Grüne
Rechtsanwältin,LAND,6,1965,w,1,Lambrecht,0,0,Christine,J,Z,0,6.0,,SPD
Diplomat,LAND,5,1966,m,4,Lambsdorff,Graf,0,Alexander,N,Z,0,5.0,,FDP
MdB / Rechtsanwalt,WAHLKREIS,274,1951,m,2,Lamers,0,Prof. h. c. Dr.,Karl,J,E,Heidelberg,8.0,,CDU/CSU
MdB,WAHLKREIS,159,1959,m,2,Lämmel,0,0,Gottfried Andreas,J,E,Dresden I,14.0,,CDU/CSU
MdB,WAHLKREIS,154,1954,w,2,Landgraf,0,0,Katharina,J,E,Leipzig-Land,14.0,,CDU/CSU
MdB / parl. Staatssekretär,LAND,8,1964,m,1,Lange,0,0,Christian,J,Z,0,8.0,,SPD
MdB,WAHLKREIS,254,1969,m,3,Lange,0,0,Ulrich,J,E,Donau-Ries,9.0,,CDU/CSU
MdB,WAHLKREIS,237,1976,w,3,Launert,0,Dr.,Silke,J,E,Bayreuth,9.0,,CDU/CSU
MdB,WAHLKREIS,101,1963,m,1,Lauterbach,0,Prof. Dr.,Karl,J,E,Leverkusen – Köln IV,5.0,,SPD
Soziologin,LAND,14,1972,w,34,Lay,0,0,Caren Nicole,J,Z,0,14.0,,Die Linke
MdB,LAND,14,1967,w,5,Lazar,0,0,Monika,J,Z,0,14.0,,Grüne
Betriebswirt (VWA),LAND,9,1977,m,4,Lechte,0,0,Ulrich,N,Z,0,9.0,,FDP
Erzieher,WAHLKREIS,152,1967,m,2,Lehmann,0,0,Jens,N,E,Leipzig I,14.0,,CDU/CSU
Politikwissenschaftler / Personalentwickler ö. D.,LAND,5,1979,m,5,Lehmann,0,0,Sven,N,Z,0,5.0,,Grüne
MdB / Rechtsanwalt,WAHLKREIS,251,1959,m,3,Lehrieder,0,0,Paul,J,E,Würzburg,9.0,,CDU/CSU
MdB,LAND,6,1961,w,34,Leidig,0,0,Sabine,J,Z,0,6.0,,Die Linke
MdB,WAHLKREIS,180,1975,w,2,Leikert,0,Dr.,Katja,J,E,Hanau,6.0,,CDU/CSU
MdB,LAND,15,1968,w,5,Lemke,0,0,Steffi,J,Z,0,15.0,,Grüne
MdB / Werkzeugmacher / Maschinenbautechniker,LAND,16,1967,m,34,Lenkert,0,0,Ralph,J,Z,0,16.0,,Die Linke
MdB,WAHLKREIS,213,1981,m,3,Lenz,0,Dr.,Andreas,J,E,Erding – Ebersberg,9.0,,CDU/CSU
Dipl.-Soziologe,LAND,14,1974,m,34,Leutert,0,0,Michael Gerhard,J,Z,0,14.0,,Die Linke
MdB / Bundesministerin / Ärztin,LAND,3,1958,w,2,Leyen,von der,Dr.,Ursula,J,Z,0,3.0,,CDU/CSU
MdB,WAHLKREIS,201,1960,w,2,Lezius,0,0,Antje,J,E,Kreuznach,7.0,,CDU/CSU
MdB / Dipl.-Betriebswirt,WAHLKREIS,76,1972,m,34,Liebich,0,0,Stefan,J,E,Berlin-Pankow,11.0,,Die Linke
wiss. Mitarbeiter,WAHLKREIS,102,1976,m,1,Lindh,0,0,Helge,N,E,Wuppertal I,5.0,,SPD
MdB / Rechtsanwältin,WAHLKREIS,247,1970,w,3,Lindholz,0,0,Andrea,J,E,Aschaffenburg,9.0,,CDU/CSU
MdL,LAND,5,1979,m,4,Lindner,0,0,Christian,N,Z,0,5.0,,FDP
MdB,LAND,7,1982,m,5,Lindner,0,Dr.,Tobias,J,Z,0,7.0,,Grüne
Staatsminister a. D.,LAND,8,1963,m,4,Link,0,0,Michael Georg,N,Z,0,8.0,,FDP
MdB / Dipl.-Volkswirt,WAHLKREIS,137,1977,m,2,Linnemann,0,Dr.,Carsten,J,E,Paderborn – Gütersloh III,5.0,,CDU/CSU
Handelsfachwirtin,WAHLKREIS,187,1963,w,2,Lips,0,0,Patricia,J,E,Odenwald,6.0,,CDU/CSU
MdB / Jurist,LAND,15,1965,m,1,Lischka,0,0,Burkhard Karl Erich,J,Z,0,15.0,,SPD
Geschäftsführer,WAHLKREIS,275,1986,m,2,Löbel,0,0,Nikolas,N,E,Mannheim,8.0,,CDU/CSU
mittelständ. Unternehmer,WAHLKREIS,217,1955,m,3,Loos,0,0,Bernhard,N,E,München-Nord,9.0,,CDU/CSU
MdB / Philologin,WAHLKREIS,86,1961,w,34,Lötzsch,0,Dr.,Gesine,J,E,Berlin-Lichtenberg,11.0,,Die Linke
Geschäftsführer,LAND,5,1951,m,35,Lucassen,0,0,Hans-Rüdiger,N,Z,0,5.0,,AfD
Rechtsanwalt,WAHLKREIS,81,1975,m,2,Luczak,0,Dr.,Jan-Marco,J,E,Berlin-Tempelhof-Schöneberg,11.0,,CDU/CSU
MdB,WAHLKREIS,222,1975,w,3,Ludwig,0,0,Daniela,J,E,Rosenheim,9.0,,CDU/CSU
MdB / Polizistin,LAND,3,1964,w,1,Lühmann,0,0,Kirsten,J,Z,0,3.0,,SPD
Unternehmensberater,LAND,10,1979,m,4,Luksic,0,0,Oliver,N,Z,0,10.0,,FDP
MdB / Maschinenbauer,LAND,10,1969,m,34,Lutze,0,0,Thomas,J,Z,0,10.0,,Die Linke
MdB,WAHLKREIS,259,1962,w,2,Maag,0,0,Karin,J,E,Stuttgart II,8.0,,CDU/CSU
Jurist,LAND,10,1966,m,1,Maas,0,0,Heiko Josef,N,Z,0,10.0,,SPD
Kaufmann,LAND,4,1952,m,35,Magnitz,0,0,Frank Rüdiger Heinrich,N,Z,0,4.0,,AfD
MdB,WAHLKREIS,166,1979,w,2,Magwas,0,0,Yvonne,J,E,Vogtlandkreis,14.0,,CDU/CSU
Richter,LAND,14,1962,m,35,Maier,0,0,Jens,N,Z,0,14.0,,AfD
Hochschullehrer,LAND,8,1944,m,35,Maier,0,Prof. Dr.,Lothar,N,Z,0,8.0,,AfD
MdB / Bundesminister,WAHLKREIS,155,1954,m,2,Maizière,de,Dr.,Thomas,J,E,Meißen,14.0,,CDU/CSU
Richterin,LAND,11,1964,w,35,Malsack-Winkemann,0,Dr.,Birgit,N,Z,0,11.0,,AfD
Bürgermeisterin,WAHLKREIS,186,1967,w,2,Mannes,0,Dr.,Astrid,N,E,Darmstadt,6.0,,CDU/CSU
Dipl.-Physiker,LAND,6,1968,m,4,Mansmann,0,0,Till Berthold,N,Z,0,6.0,,FDP
MdB / Dipl.-Geografin,LAND,3,1963,w,1,Marks,0,0,Caren,J,Z,0,3.0,,SPD
Rechtsanwalt / Staatsminister a. D.,LAND,14,1959,m,4,Martens,0,Dr.,Jürgen Andreas Michael,N,Z,0,14.0,,FDP
MdB / Landwirt,WAHLKREIS,59,1961,m,2,Marwitz,von der,0,Hans-Georg,J,E,Märkisch-Oderland – Barnim II,12.0,,CDU/CSU
MdEP / Dipl.-Volkswirt,LAND,2,1980,m,34,Masi,De,0,Fabio Valeriano Lanfranco,N,Z,0,2.0,,Die Linke
MdB,LAND,8,1971,w,1,Mast,0,0,Katja,J,Z,0,8.0,,SPD
Theologe,LAND,16,1961,m,1,Matschie,0,0,Christoph,N,Z,0,16.0,,SPD
MdB / Industriekaufmann,WAHLKREIS,34,1969,m,2,Mattfeldt,0,0,Andreas,J,E,Osterholz – Verden,3.0,,CDU/CSU
MdB,LAND,8,1954,w,1,Mattheis,0,0,Hildegard,J,Z,0,8.0,,SPD
MdB / Rechtsanwalt,WAHLKREIS,212,1973,m,3,Mayer,0,0,Stephan,J,E,Altötting,9.0,,CDU/CSU
Dipl.-Politikwissenschaftler,LAND,11,1975,m,34,Meiser,0,0,Pascal,N,Z,0,11.0,,Die Linke
Dipl.-Mathematiker,WAHLKREIS,188,1961,m,2,Meister,0,Dr.,Michael Günther,J,E,Bergstraße,6.0,,CDU/CSU
MdB,WAHLKREIS,15,1954,w,2,Merkel,0,Dr.,Angela Dorothea,J,E,Vorpommern-Rügen – Vorpommern-Greifswald I,13.0,,CDU/CSU
Winzer / Dipl.-Betriebswirt (FH),WAHLKREIS,206,1981,m,2,Metzler,0,0,Jan,J,E,Worms,7.0,,CDU/CSU
Rechtsanwalt / ltd. Angestellter,LAND,11,1975,m,4,Meyer,0,0,Christoph,N,Z,0,11.0,,FDP
Angestellte,LAND,9,1983,w,35,Miazga,0,0,Corinna,N,Z,0,9.0,,AfD
MdB,WAHLKREIS,238,1949,m,3,Michelbach,0,Dr. h. c.,Hans Georg,J,E,Coburg,9.0,,CDU/CSU
MdB / Rechtsanwalt,WAHLKREIS,39,1964,m,2,Middelberg,0,Dr.,Mathias,J,E,Stadt Osnabrück,3.0,,CDU/CSU
MdB / Rechtsanwalt,WAHLKREIS,47,1968,m,1,Miersch,0,Dr.,Matthias,J,E,Hannover-Land II,3.0,,SPD
Dipl.-Ing. Mechatronik (B. A.),LAND,5,1975,m,35,Mieruch,0,0,Mario,N,Z,0,5.0,,AfD
Polizeibeamtin a. D.,LAND,5,1976,w,5,Mihalic,0,0,Irene,J,Z,0,5.0,,Grüne
MdB / Dipl.-Biologe,LAND,11,1964,m,1,Mindrup,0,0,Klaus,J,Z,0,11.0,,SPD
Polizeibeamtin,LAND,3,1958,w,1,Mittag,0,0,Susanne,J,Z,0,3.0,,SPD
Rechtsanwältin,LAND,3,1980,w,34,Mohamed Ali,0,0,Amira,N,Z,0,3.0,,Die Linke
Dipl.-Sozialökonomin,LAND,1,1960,w,34,Möhring,0,0,Cornelia,J,Z,0,1.0,,Die Linke
Dipl.-Kaufmann (FH) / Speditionskaufmann,WAHLKREIS,51,1984,m,1,Mohrs,0,0,Falko,N,E,Helmstedt – Wolfsburg,3.0,,SPD
Altenpflegerin,WAHLKREIS,88,1968,w,1,Moll,0,0,Claudia,N,E,Aachen II,5.0,,SPD
Lehrerin (StRin),WAHLKREIS,26,1983,w,1,Möller,0,0,Siemtje,N,E,Friesland – Wilhelmshaven – Wittmund,3.0,,SPD
MdB / Rechtsanwalt,WAHLKREIS,12,1957,m,2,Monstadt,0,0,Dietrich,J,E,Schwerin – Ludwigslust-Parchim I – Nordwestmecklenburg I,13.0,,CDU/CSU
MdB,WAHLKREIS,93,1949,m,2,Möring,0,0,Karsten,J,E,Köln I,5.0,,CDU/CSU
MdB / Hauswirtschaftsmeisterin,WAHLKREIS,246,1955,w,3,Mortler,0,0,Marlene,J,E,Roth,9.0,,CDU/CSU
MdB / Staatsrätin a. D.,LAND,4,1952,w,2,Motschmann,0,0,Elisabeth Charlotte,J,Z,0,4.0,,CDU/CSU
Jurist,LAND,5,1984,m,34,Movassat,0,0,Niema,J,Z,0,5.0,,Die Linke
MdL / Dipl.-Ing. für Schiffsführung,LAND,15,1958,m,35,Mrosek,0,0,Andreas,N,Z,0,15.0,,AfD
Dipl.-Informatiker,LAND,6,1969,m,4,Müller,0,0,Alexander,N,Z,0,6.0,,FDP
Richter,WAHLKREIS,294,1963,m,2,Müller,0,0,Axel,N,E,Ravensburg,8.0,,CDU/CSU
MdB,LAND,6,1959,w,1,Müller,0,0,Bettina,J,Z,0,6.0,,SPD
Rechtsanwalt / Bankkaufmann,LAND,3,1970,m,2,Müller,0,0,Carsten,J,Z,0,3.0,,CDU/CSU
Betriebswirtin,LAND,13,1981,w,5,Müller,0,0,Claudia,N,Z,0,13.0,,Grüne
Lokomotivführer,LAND,14,1964,m,1,Müller,0,0,Detlef,J,Z,0,14.0,,SPD
MdB / Bundesminister,WAHLKREIS,256,1955,m,3,Müller,0,Dr.,Gerhard (Gerd),J,E,Oberallgäu,9.0,,CDU/CSU
selbst. Interimmanager,LAND,9,1968,m,35,Müller,0,0,Hansjörg Gerhard Georg,N,Z,0,9.0,,AfD
MdB / Student,LAND,12,1986,m,34,Müller,0,0,Norbert,J,Z,0,12.0,,Die Linke
Dipl.-Bankbetriebswirt (FS),WAHLKREIS,70,1989,m,2,Müller,0,0,Sepp,N,E,Dessau – Wittenberg,15.0,,CDU/CSU
parl. Staatssekretär,WAHLKREIS,242,1975,m,3,Müller,0,0,Stefan,J,E,Erlangen,9.0,,CDU/CSU
Student,LAND,5,1992,m,4,Müller-Böhm,0,0,Roman,N,Z,0,5.0,,FDP
MdB,LAND,8,1960,w,5,Müller-Gemmeke,0,0,Beate,J,Z,0,8.0,,Grüne
ltd. Angestellter / Geschäftsführer,LAND,14,1982,m,4,Müller-Rosentritt,0,0,Frank,N,Z,0,14.0,,FDP
Journalistin,WAHLKREIS,141,1980,w,1,Müntefering,0,0,Michelle,J,E,Herne – Bochum II,5.0,,SPD
Bankkaufmann,LAND,8,1964,m,35,Münz,0,0,Volker,N,Z,0,8.0,,AfD
Geschäftsführer,LAND,7,1989,m,35,Münzenmaier,0,0,Sebastian,N,Z,0,7.0,,AfD
Politikwissenschaftler,WAHLKREIS,95,1959,m,1,Mützenich,0,Dr.,Rolf,J,E,Köln III,5.0,,SPD
MdB / Literaturwissenschaftlerin (M. A.),LAND,7,1970,w,1,Nahles,0,0,Andrea,J,Z,0,7.0,,SPD
Angehörigenpflegerin,LAND,2,1980,w,34,Nastic,0,0,Zaklin,N,Z,0,2.0,,Die Linke
Dipl.-Wirtschaftsingenieurin,LAND,1,1977,w,5,Nestle,0,0,Ingrid,N,Z,0,1.0,,Grüne
Politikwissenschaftler,LAND,5,1969,m,34,Neu,0,Dr.,Alexander,J,Z,0,5.0,,Die Linke
Dipl.-Ing. Pädagoge,LAND,14,1964,m,35,Neumann,0,0,Christoph,N,Z,0,14.0,,AfD
Hochschullehrer / beratender Ingenieur,LAND,12,1956,m,4,Neumann,0,Prof. Dr.,Martin,N,Z,0,12.0,,FDP
MdB / Dipl.-Kaufmann / M.I.P.P.,WAHLKREIS,204,1967,m,2,Nick,0,Dr.,Andreas,J,E,Montabaur,7.0,,CDU/CSU
Industriekauffrau,WAHLKREIS,1,1965,w,2,Nicolaisen,0,0,Petra,N,E,Flensburg – Schleswig,1.0,,CDU/CSU
MdB,LAND,5,1964,m,1,Nietan,0,0,Dietmar,J,Z,0,5.0,,SPD
MdB,LAND,6,1959,w,1,Nissen,0,0,Ulrike,J,Z,0,6.0,,SPD
MdB / Rechtsanwältin,WAHLKREIS,104,1959,w,2,Noll,0,0,Michaela,J,E,Mettmann I,5.0,,CDU/CSU
Soldat,LAND,6,1988,m,35,Nolte,0,0,Jan Ralf,N,Z,0,6.0,,AfD
MdB / Kulturwissenschaftler,LAND,12,1957,m,34,Nord,0,0,Thomas Hans,J,Z,0,12.0,,Die Linke
MdB / Jurist,LAND,1,1971,m,5,Notz,von,Dr.,Konstantin,J,Z,0,1.0,,Grüne
selbständig,LAND,6,1975,m,5,Nouripour,0,0,Omid,J,Z,0,6.0,,Grüne
MdB / Dipl.-Kaufmann,WAHLKREIS,255,1969,m,3,Nüßlein,0,Dr.,Georg,J,E,Neu-Ulm,9.0,,CDU/CSU
Versicherungsmakler,LAND,14,1960,m,35,Oehme,0,0,Bernhard Ulrich,N,Z,0,14.0,,AfD
Rechtsanwalt,WAHLKREIS,89,1975,m,2,Oellers,0,0,Wilfried,J,E,Heinsberg,5.0,,CDU/CSU
MdB / Jurist,WAHLKREIS,53,1954,m,1,Oppermann,0,0,Thomas,J,E,Göttingen,3.0,,SPD
Fachwirtin im Gastgewerbe,WAHLKREIS,296,1986,w,1,Ortleb,0,0,Josephine Loulou,N,E,Saarbrücken,10.0,,SPD
Dipl.-Volkswirt (Univ.),WAHLKREIS,228,1980,m,3,Oßner,0,0,Florian,J,E,Landshut,9.0,,CDU/CSU
Bauer,LAND,5,1953,m,5,Ostendorff,0,0,Friedrich,J,Z,0,5.0,,Grüne
Bürgermeister,WAHLKREIS,199,1971,m,2,Oster,0,0,Josef,N,E,Koblenz,7.0,,CDU/CSU
MdB,WAHLKREIS,44,1968,m,2,Otte,0,0,Henning,J,E,Celle – Uelzen,3.0,,CDU/CSU
Major a. D. / Oberst d. R.,LAND,9,1955,m,35,Otten,0,0,Gerold Joachim,N,Z,0,9.0,,AfD
MdB,LAND,8,1965,m,5,Özdemir,0,0,Cem,J,Z,0,8.0,,Grüne
MdB,WAHLKREIS,116,1987,m,1,Özdemir,0,0,Mahmut,J,E,Duisburg II,5.0,,SPD
MdB / Staatsministerin,WAHLKREIS,22,1967,w,1,Özoğuz,0,0,Aydan Saliha,J,E,Hamburg-Wandsbek,2.0,,SPD
MdB,WAHLKREIS,107,1961,w,2,Pantel,0,0,Sylvia,J,E,Düsseldorf II,5.0,,CDU/CSU
selbständig,LAND,15,1960,m,35,Pasemann,0,0,Frank,N,Z,0,15.0,,AfD
MdB,WAHLKREIS,63,1947,m,2,Patzelt,0,0,Martin Maria Otto Felix,J,E,Frankfurt (Oder) – Oder-Spree,12.0,,CDU/CSU
MdB,WAHLKREIS,85,1963,w,34,Pau,0,0,Petra,J,E,Berlin-Marzahn-Hellersdorf,11.0,,Die Linke
MdB / Dipl.-Volkswirtin,LAND,11,1968,w,5,Paus,0,0,Elisabeth (Lisa),J,Z,0,11.0,,Grüne
Grund- und Förderschullehrer,WAHLKREIS,153,1977,m,34,Pellmann,0,0,Sören,N,E,Leipzig II,14.0,,Die Linke
Geschäftsführer / Politikwissenschaftler,LAND,3,1982,m,34,Perli,0,0,Victor Angelo,N,Z,0,3.0,,Die Linke
Dipl.-Jurist,LAND,9,1982,m,35,Peterka,0,0,Tobias Matthias,N,Z,0,9.0,,AfD
Dipl.-Verwaltungswirt,LAND,10,1965,m,1,Petry,0,0,Christian,J,Z,0,10.0,,SPD
MdL,WAHLKREIS,158,1975,w,35,Petry,0,Dr.,Frauke,N,E,Sächsische Schweiz-Osterzgebirge,14.0,,AfD
MdB / Dipl.-Kaufmann,WAHLKREIS,264,1967,m,2,Pfeiffer,0,Dr.,Joachim,J,E,Waiblingen,8.0,,CDU/CSU
wiss. Angestellter,LAND,8,1965,m,34,Pflüger,0,0,Tobias,N,Z,0,8.0,,Die Linke
MdB / Lehrer,LAND,7,1955,m,1,Pilger,0,0,Detlev,J,Z,0,7.0,,SPD
Arzt,WAHLKREIS,220,1987,m,3,Pilsinger,0,0,Stephan,N,E,München-West/Mitte,9.0,,CDU/CSU
Pressereferent,WAHLKREIS,21,1985,m,2,Ploß,0,Dr.,Christoph Johannes,N,E,Hamburg-Nord,2.0,,CDU/CSU
Medizintechniker / Publizist,LAND,9,1946,m,35,Podolay,0,0,Paul Viktor,N,Z,0,9.0,,AfD
Rechtsanwalt,LAND,16,1964,m,35,Pohl,0,0,Jürgen,N,Z,0,16.0,,AfD
MdL / Dipl.-Volkswirtin,LAND,3,1978,w,5,Polat,0,0,Filiz,N,Z,0,3.0,,Grüne
MdB / Glasermeister,WAHLKREIS,37,1962,m,2,Pols,0,0,Eckhard,J,E,Lüchow-Dannenberg – Lüneburg,3.0,,CDU/CSU
Betriebswirtin (VWA),WAHLKREIS,143,1968,w,1,Poschmann,0,0,Sabine,J,E,Dortmund II,5.0,,SPD
Dipl.-Soziologe,WAHLKREIS,134,1959,m,1,Post,0,0,Achim,J,E,Minden-Lübbecke I,5.0,,SPD
MdB / Dipl.-Kaufmann,LAND,9,1981,m,1,Post,0,0,Florian,J,Z,0,9.0,,SPD
MdB / parl. Staatssekretär,LAND,9,1972,m,1,Pronold,0,0,Florian,J,Z,0,9.0,,SPD
selbständig,LAND,9,1977,m,35,Protschka,0,0,Stephan,N,Z,0,9.0,,AfD
MdB,LAND,6,1968,m,1,Raabe,0,Dr.,Sascha Markus,J,Z,0,6.0,,SPD
MdB,LAND,6,1971,m,1,Rabanus,0,0,Martin Hermann,J,Z,0,6.0,,SPD
MdB / parl. Staatssekretär,WAHLKREIS,90,1962,m,2,Rachel,0,0,Thomas,J,E,Düren,5.0,,CDU/CSU
MdB / Lehrerin,WAHLKREIS,114,1974,w,2,Radomski,0,0,Kerstin,J,E,Krefeld II – Wesel II,5.0,,CDU/CSU
MdB,WAHLKREIS,223,1964,m,3,Radwan,0,0,Alexander Gamal,J,E,Bad Tölz-Wolfratshausen – Miesbach,9.0,,CDU/CSU
MdB / Metzgermeister,WAHLKREIS,231,1965,m,3,Rainer,0,0,Alois Georg Josef,J,E,Straubing,9.0,,CDU/CSU
MdB / Müllermeister / Dipl.-Kaufmann,WAHLKREIS,225,1954,m,3,Ramsauer,0,Dr.,Peter,J,E,Traunstein,9.0,,CDU/CSU
MdB / Dipl.-Ing. für Informationsverwaltung,WAHLKREIS,17,1954,m,2,Rehberg,0,0,Eckhardt Harald,J,E,Mecklenburgische Seenplatte II – Landkreis Rostock III,13.0,,CDU/CSU
Angestellter,LAND,15,1969,m,35,Reichardt,0,0,Martin,N,Z,0,15.0,,AfD
MdB / Biotechnologin,WAHLKREIS,50,1967,w,1,Reimann,0,Dr.,Carola,J,E,Braunschweig,3.0,,SPD
Meister im Maurer- und Betonhandwerk,LAND,13,1978,m,4,Reinhold,0,0,Hagen,N,Z,0,13.0,,FDP
Sozialwissenschaftlerin,LAND,5,1965,w,34,Remmers,0,0,Ingrid,N,Z,0,5.0,,Die Linke
Dipl.-Betriebswirt,LAND,5,1954,m,35,Renner,0,0,Martin Erwin,N,Z,0,5.0,,AfD
MdB / wiss. Mitarbeiterin,LAND,16,1967,w,34,Renner,0,0,Martina,J,Z,0,16.0,,Die Linke
Beamter / Oberstaatsanwalt,LAND,12,1954,m,35,Reusch,0,0,Roman Johannes,N,Z,0,12.0,,AfD
Angestellter,LAND,5,1971,m,4,Reuther,0,0,Bernd,N,Z,0,5.0,,FDP
MdB,LAND,3,1962,w,1,Ridder,De,Dr.,Daniela,J,Z,0,3.0,,SPD
MdB,WAHLKREIS,293,1957,m,2,Riebsamen,0,0,Lothar,J,E,Bodensee,8.0,,CDU/CSU
MdB / Landwirtschaftsmeister,WAHLKREIS,292,1960,m,2,Rief,0,0,Josef,J,E,Biberach,8.0,,CDU/CSU
Parteivorsitzender,LAND,8,1955,m,34,Riexinger,0,0,Bernd,N,Z,0,8.0,,Die Linke
Elektromeister in der Energiewirtschaft,LAND,5,1962,m,1,Rimkus,0,0,Andreas,J,Z,0,5.0,,SPD
Erzieher,LAND,1,1975,m,1,Rix,0,0,Sönke,J,Z,0,1.0,,SPD
MdB / Rechtsanwalt,WAHLKREIS,27,1986,m,1,Rohde,0,0,Dennis,J,E,Oldenburg – Ammerland,3.0,,SPD
MdB / staatl. geprüfter Landwirt,WAHLKREIS,126,1959,m,2,Röring,0,0,Johannes August,J,E,Borken II,5.0,,CDU/CSU
MdB / Dipl.-Volkswirt,LAND,8,1976,m,1,Rosemann,0,Dr.,Martin,J,Z,0,8.0,,SPD
MdB / Dipl.-Biologe,WAHLKREIS,138,1964,m,1,Röspel,0,0,René,J,E,Hagen – Ennepe-Ruhr-Kreis I,5.0,,SPD
MdB / Dipl.-Psychologe,LAND,1,1951,m,1,Rossmann,0,Dr.,Ernst Dieter,J,Z,0,1.0,,SPD
MdB,LAND,7,1966,w,5,Rößner,0,0,Tabea,J,Z,0,7.0,,Grüne
MdB / Dramaturgin,LAND,9,1955,w,5,Roth,0,0,Claudia Benedikta,J,Z,0,9.0,,Grüne
Staatsminister,WAHLKREIS,169,1970,m,1,Roth,0,0,Michael,J,E,Werra-Meißner – Hersfeld-Rotenburg,6.0,,SPD
Rechtsanwalt,WAHLKREIS,98,1965,m,2,Röttgen,0,Dr.,Norbert,J,E,Rhein-Sieg-Kreis II,5.0,,CDU/CSU
Juristin,LAND,9,1972,w,5,Rottmann,0,Dr.,Manuela,N,Z,0,9.0,,Grüne
Handelsattaché,WAHLKREIS,112,1978,m,2,Rouenhoff,0,0,Stefan,N,E,Kleve,5.0,,CDU/CSU
MdB / Dipl.-Betriebswirt,WAHLKREIS,197,1955,m,2,Rüddel,0,0,Erwin,J,E,Neuwied,7.0,,CDU/CSU
Politikerin,LAND,7,1975,w,5,Rüffer,0,0,Corinna,J,Z,0,7.0,,Grüne
Rechtsanwalt,LAND,6,1971,m,4,Ruppert,0,Dr.,Stefan,N,Z,0,6.0,,FDP
MdB / Dipl.-Volkswirt,WAHLKREIS,235,1968,m,3,Rupprecht,0,0,Albert,J,E,Weiden,9.0,,CDU/CSU
MdB,LAND,14,1977,w,1,Rüthrich,0,0,Susann,J,Z,0,14.0,,SPD
MdB / techn. Oberamtsrat a. D.,LAND,9,1968,m,1,Rützel,0,0,Bernd,J,Z,0,9.0,,SPD
MdB / Dipl.-Politikwissenschaftlerin,WAHLKREIS,54,1983,w,1,Ryglewski,0,0,Sarah Janina,J,E,Bremen I,4.0,,SPD
MdB / Dipl.-Verwaltungswirt (FH),WAHLKREIS,24,1967,m,1,Saathoff,0,0,Johann,J,E,Aurich – Emden,3.0,,SPD
Historiker,LAND,2,1982,m,5,Sarrazin,0,0,Manuel Ferdinand Theodor,J,Z,0,2.0,,Grüne
Vorstand i. R.,LAND,9,1949,m,4,Sattelberger,0,0,Thomas,N,Z,0,9.0,,FDP
Bürgermeister,WAHLKREIS,184,1966,m,2,Sauer,0,0,Stefan,N,E,Groß-Gerau,6.0,,CDU/CSU
Dipl.-Wirtschaftsingenieur (FH),LAND,5,1980,m,4,Sauter,0,0,Christian,N,Z,0,5.0,,FDP
MdB / Angestellte,WAHLKREIS,210,1951,w,2,Schäfer,0,0,Anita,J,E,Pirmasens,7.0,,CDU/CSU
MdB,WAHLKREIS,140,1952,m,1,Schäfer,0,0,Axel,J,E,Bochum I,5.0,,SPD
Dipl.-Betriebswirt,LAND,5,1968,m,4,Schäffler,0,0,Frank,N,Z,0,5.0,,FDP
MdB / Bundesminister,WAHLKREIS,284,1942,m,2,Schäuble,0,Dr.,Wolfgang,J,E,Offenburg,8.0,,CDU/CSU
Film- und Fernsehwissenschaftlerin,LAND,5,1966,w,5,Schauws,0,0,Ursula (Ulle),J,Z,0,5.0,,Grüne
Juristin / Politikwissenschaftlerin / Musikerin,LAND,1,1971,w,1,Scheer,0,Dr.,Nina,J,Z,0,1.0,,SPD
MdB,WAHLKREIS,229,1974,m,3,Scheuer,0,0,Andreas Franz,J,E,Passau,9.0,,CDU/CSU
MdB / Volkswirt,LAND,8,1972,m,5,Schick,0,Dr.,Gerhard,J,Z,0,8.0,,Grüne
MdB / Juristin,LAND,9,1962,w,1,Schieder,0,0,Marianne,J,Z,0,9.0,,SPD
MdB,LAND,5,1959,m,1,Schiefner,0,0,Udo,J,Z,0,5.0,,SPD
Verwaltungsangestellte,LAND,13,1969,w,35,Schielke-Ziesing,0,0,Ulrike,N,Z,0,13.0,,AfD
Dipl.-Politologin / Politikwissenschaftlerin,WAHLKREIS,62,1979,w,2,Schimke,0,0,Jana,J,E,Dahme-Spreewald – Teltow-Fläming III – Oberspreewald-Lausitz I,12.0,,CDU/CSU
Zahnarzt / Rechtsanwalt,LAND,2,1958,m,4,Schinnenburg,0,0,Wieland Albert Wilhelm,N,Z,0,2.0,,FDP
MdB,WAHLKREIS,192,1976,m,2,Schipanski,0,0,Tankred,J,E,Gotha – Ilm-Kreis,16.0,,CDU/CSU
Arzt,LAND,16,1967,m,35,Schlund,0,Dr.,Robby,N,Z,0,16.0,,AfD
MdL,LAND,8,1973,m,1,Schmid,0,Dr.,Nils,N,Z,0,8.0,,SPD
Bundesminister,WAHLKREIS,243,1957,m,3,Schmidt,0,0,Christian,J,E,Fürth,9.0,,CDU/CSU
Historikerin,LAND,6,1973,w,1,Schmidt,0,0,Dagmar,J,Z,0,6.0,,SPD
Sozialwissenschaftler,LAND,5,1953,m,5,Schmidt,0,Dr.,Frithjof,J,Z,0,5.0,,Grüne
wiss. Angestellter,LAND,9,1981,m,5,Schmidt,0,0,Stefan,N,Z,0,9.0,,Grüne
Lehrerin für Sonderpädagogik,LAND,5,1949,w,1,Schmidt,0,0,Ursula (Ulla),J,Z,0,5.0,,SPD
Hafenfacharbeiter,WAHLKREIS,55,1966,m,1,Schmidt,0,0,Uwe,N,E,Bremen II – Bremerhaven,4.0,,SPD
Ärztin,WAHLKREIS,11,1966,w,2,Schmidtke,0,Prof. Dr.,Claudia,N,E,Lübeck,1.0,,CDU/CSU
Bankkaufmann,LAND,16,1976,m,1,Schneider,0,0,Carsten,J,Z,0,16.0,,SPD
Lehrer,LAND,5,1964,m,35,Schneider,0,0,Jörg,N,Z,0,5.0,,AfD
MdB / Rechtsanwalt,WAHLKREIS,202,1968,m,2,Schnieder,0,0,Patrick,J,E,Bitburg,7.0,,CDU/CSU
MdB,WAHLKREIS,298,1983,w,2,Schön,0,0,Nadine,J,E,St. Wendel,10.0,,CDU/CSU
wiss. Mitarbeiter Bundestag,WAHLKREIS,46,1983,m,1,Schraps,0,0,Johannes,N,E,Hameln-Pyrmont – Holzminden,3.0,,SPD
Ethnologin,LAND,9,1958,w,34,Schreiber,0,0,Eva-Maria Elisabeth,N,Z,0,9.0,,Die Linke
MdL,WAHLKREIS,288,1986,m,2,Schreiner,0,0,Felix,N,E,Waldshut,8.0,,CDU/CSU
Studienrat,LAND,9,1977,m,1,Schrodi,0,0,Michael,N,Z,0,9.0,,SPD
Angestellte,WAHLKREIS,61,1976,w,1,Schüle,0,Dr.,Manja,N,E,Potsdam – Potsdam-Mittelmark II – Teltow-Fläming II,12.0,,SPD
MdB / Hausfrau,LAND,5,1952,w,1,Schulte,0,0,Ursula,J,Z,0,5.0,,SPD
Buchhändler,LAND,5,1955,m,1,Schulz,0,0,Martin,N,Z,0,5.0,,SPD
Unternehmer,LAND,9,1968,m,4,Schulz,0,0,Ralph Jimmy,N,Z,0,9.0,,FDP
MdB,WAHLKREIS,78,1968,m,1,Schulz,0,0,Swen,J,E,Berlin-Spandau – Charlottenburg Nord,11.0,,SPD
ltd. Angestellter,LAND,6,1961,m,35,Schulz,0,0,Uwe,N,Z,0,6.0,,AfD
Kommunikationswissenschaftlerin,LAND,6,1956,w,5,Schulz-Asche,0,0,Kordula Anna Paula,J,Z,0,6.0,,Grüne
MdB / Dipl.-Lehrer,WAHLKREIS,64,1954,m,2,Schulze,0,Dr.,Klaus-Peter Friedrich Walter,J,E,Cottbus – Spree-Neiße,12.0,,CDU/CSU
Groß- und Außenhandelskaufmann,WAHLKREIS,111,1957,m,2,Schummer,0,0,Uwe,J,E,Viersen,5.0,,CDU/CSU
MdB / Dipl.-Betriebswirt,LAND,9,1954,m,1,Schurer,0,0,Ewald,J,Z,0,9.0,,SPD
MdB,WAHLKREIS,282,1961,m,2,Schuster,0,0,Armin,J,E,Lörrach – Müllheim,8.0,,CDU/CSU
MdB,WAHLKREIS,121,1970,m,1,Schwabe,0,0,Frank,J,E,Recklinghausen I,5.0,,SPD
MdB / Industriemechaniker,WAHLKREIS,133,1974,m,1,Schwartze,0,0,Stefan,J,E,Herford – Minden-Lübbecke II,5.0,,SPD
MdB / Dipl.-Betriebswirt (FH),LAND,9,1965,m,1,Schwarz,0,0,Andreas,J,Z,0,9.0,,SPD
MdB / parl. Staatssekretärin,LAND,8,1962,w,1,Schwarzelühr-Sutter,0,0,Rita,J,Z,0,8.0,,SPD
Dipl.-Ingenieur,WAHLKREIS,74,1968,m,2,Schweiger,0,0,Torsten,N,E,Mansfeld,15.0,,CDU/CSU
Gymnasiallehrer,LAND,3,1984,m,4,Seestern-Pauly,0,0,Matthias,N,Z,0,3.0,,FDP
MdB / Rechtsanwalt,WAHLKREIS,92,1962,m,2,Seif,0,0,Detlef,J,E,Euskirchen – Rhein-Erft-Kreis II,5.0,,CDU/CSU
Rechtsassessor,LAND,8,1967,m,35,Seitz,0,0,Thomas,N,Z,0,8.0,,AfD
Dipl.-Mathematiker,WAHLKREIS,191,1956,m,2,Selle,0,0,Johannes,J,E,Jena – Sömmerda – Weimarer Land I,16.0,,CDU/CSU
MdB / Studiendirektor a. D.,WAHLKREIS,130,1952,m,2,Sendker,0,0,Reinhold,J,E,Warendorf,5.0,,CDU/CSU
MdB / Hochschullehrer,WAHLKREIS,147,1971,m,2,Sensburg,0,0,Patrick Ernst Hermann,J,E,Hochsauerlandkreis,5.0,,CDU/CSU
Dipl.-Kaufmann,LAND,9,1980,m,35,Sichert,0,0,Martin Johannes,N,Z,0,9.0,,AfD
parl. Staatssekretär,WAHLKREIS,236,1968,m,3,Silberhorn,0,0,Thomas,J,E,Bamberg,9.0,,CDU/CSU
Politikwissenschaftler,WAHLKREIS,185,1981,m,2,Simon,0,0,Björn Manuel,N,E,Offenbach,6.0,,CDU/CSU
Geschäftsführer,LAND,15,1978,m,4,Sitta,0,0,Frank,N,Z,0,15.0,,FDP
Dipl.-Ökonomin,LAND,15,1960,w,34,Sitte,0,Dr.,Petra,J,Z,0,15.0,,Die Linke
Rechtsanwältin,LAND,8,1975,w,4,Skudelny,0,0,Judith,N,Z,0,8.0,,FDP
selbständig,LAND,6,1940,m,4,Solms,0,Dr.,Hermann Otto,N,Z,0,6.0,,FDP
wiss. Mitarbeiterin,LAND,11,1971,w,34,Sommer,0,0,Evrim,N,Z,0,11.0,,Die Linke
MdB / Rechtsanwalt,WAHLKREIS,69,1975,m,2,Sorge,0,0,Tino,J,E,Magdeburg,15.0,,CDU/CSU
MdB / Bankkaufmann,WAHLKREIS,124,1980,m,2,Spahn,0,0,Jens,J,E,Steinfurt I – Borken I,5.0,,CDU/CSU
Dipl.-Betriebswirt,LAND,14,1944,m,35,Spangenberg,0,0,Detlev,N,Z,0,14.0,,AfD
Dipl.-Ingenieur,LAND,8,1971,m,35,Spaniel,0,Dr.,Dirk,N,Z,0,8.0,,AfD
MdB,LAND,3,1956,m,1,Spiering,0,0,Rainer,J,Z,0,3.0,,SPD
Angestellter,LAND,12,1979,m,35,Springer,0,0,René,N,Z,0,12.0,,AfD
MdB / Senior-PR-Beraterin,LAND,3,1976,w,1,Stadler,0,0,Svenja,J,Z,0,3.0,,SPD
Biochemikerin (M. Sc.),WAHLKREIS,215,1981,w,3,Staffler,0,0,Katrin,N,E,Fürstenfeldbruck,9.0,,CDU/CSU
MdB / Marketing- und Kommunikationsmanagerin,LAND,9,1965,w,1,Stamm-Fibich,0,0,Martina,J,Z,0,9.0,,SPD
Dipl.-Volkswirtin,LAND,6,1968,w,4,Stark-Watzinger,0,0,Bettina,N,Z,0,6.0,,FDP
Dipl.-Kaufmann,WAHLKREIS,77,1966,m,2,Steffel,0,Dr.,Frank,J,E,Berlin-Reinickendorf,11.0,,CDU/CSU
Rechtsanwältin,LAND,13,1963,w,1,Steffen,0,0,Sonja Amalie,J,Z,0,13.0,,SPD
MdB / Betriebswirt,WAHLKREIS,218,1985,m,3,Stefinger,0,Dr.,Wolfgang,J,E,München-Ost,9.0,,CDU/CSU
MdB / Landwirtschaftsmeister,WAHLKREIS,31,1976,m,2,Stegemann,0,0,Albert,J,E,Mittelems,3.0,,CDU/CSU
Dipl.-Ingenieur,WAHLKREIS,203,1972,m,2,Steier,0,0,Andreas,N,E,Trier,7.0,,CDU/CSU
Bautechniker,WAHLKREIS,5,1970,m,1,Stein,0,0,Jens Mathias,N,E,Kiel,1.0,,SPD
MdB,WAHLKREIS,14,1968,m,2,Stein,0,0,Peter,J,E,Rostock – Landkreis Rostock II,13.0,,CDU/CSU
Rechtsanwalt,WAHLKREIS,56,1973,m,2,Steineke,0,0,Sebastian,J,E,Prignitz – Ostprignitz-Ruppin – Havelland I,12.0,,CDU/CSU
MdB / Gymnasiallehrer,WAHLKREIS,208,1987,m,2,Steiniger,0,0,Johannes,J,E,Neustadt – Speyer,7.0,,CDU/CSU
MdB / Agraringenieurin,LAND,16,1958,w,34,Steinke,0,0,Kersten,J,Z,0,16.0,,Die Linke
MdB / selbst. Kaufmann,WAHLKREIS,268,1970,m,2,Stetten,Freiherr von,0,Christian Alexander,J,E,Schwäbisch Hall – Hohenlohe,8.0,,CDU/CSU
MdB / Dipl.-Agraringenieur,WAHLKREIS,73,1964,m,2,Stier,0,0,Dieter,J,E,Burgenland – Saalekreis,15.0,,CDU/CSU
MdEP / Anwältin,LAND,11,1971,w,35,Storch,von,0,Beatrix,N,Z,0,11.0,,AfD
MdB / Dipl.-Betriebswirt (FH),WAHLKREIS,8,1958,m,2,Storjohann,0,0,Gero,J,E,Segeberg – Stormarn-Mitte,1.0,,CDU/CSU
MdB,WAHLKREIS,257,1974,m,3,Stracke,0,0,Stephan,J,E,Ostallgäu,9.0,,CDU/CSU
selbst. Verlagsrepräsentantin,LAND,5,1958,w,4,Strack-Zimmermann,0,Dr.,Marie-Agnes,N,Z,0,5.0,,FDP
Richter,LAND,5,1961,m,34,Straetmanns,0,0,Friedrich,N,Z,0,5.0,,Die Linke
Rechtsanwalt,LAND,8,1987,m,4,Strasser,0,0,Benjamin,N,Z,0,8.0,,FDP
Versicherungskaufmann,WAHLKREIS,230,1954,m,3,Straubinger,0,0,Max,J,E,Rottal-Inn,9.0,,CDU/CSU
Volkswirt,LAND,6,1964,m,5,Strengmann-Kuhn,0,0,Wolfgang,J,Z,0,6.0,,Grüne
MdB,WAHLKREIS,13,1967,w,2,Strenz,0,0,Karin,J,E,Ludwigslust-Parchim II – Nordwestmecklenburg II – Landkreis Rostock I,13.0,,CDU/CSU
MdB / Baufacharbeiter / Pfarrer,WAHLKREIS,65,1959,m,2,Stübgen,0,0,Michael,J,E,Elbe-Elster – Oberspreewald-Lausitz II,12.0,,CDU/CSU
Oberstudienrätin,LAND,8,1963,w,5,Stumpp,0,0,Margit,N,Z,0,8.0,,Grüne
Kommunikationsberaterin,LAND,2,1975,w,4,Suding,0,0,Katja Rita,N,Z,0,2.0,,FDP
MdB / Dipl.-Sozialpädagogin,WAHLKREIS,41,1968,w,1,Tack,0,0,Kerstin,J,E,Stadt Hannover I,3.0,,SPD
MdB / Tierärztin,LAND,12,1960,w,34,Tackmann,0,Dr.,Kirsten,J,Z,0,12.0,,Die Linke
Sozialarbeiterin (B. A.),LAND,8,1981,w,34,Tatti,0,0,Jessica,N,Z,0,8.0,,Die Linke
MdB,WAHLKREIS,175,1974,m,2,Tauber,0,Dr.,Peter Michael,J,E,Main-Kinzig – Wetterau II – Schotten,6.0,,CDU/CSU
MdB / Dipl.-Geografin,LAND,9,1964,w,1,Tausend,0,0,Claudia,J,Z,0,9.0,,SPD
Landrat,WAHLKREIS,100,1964,m,2,Tebroke,0,Dr.,Hermann-Josef,N,E,Rheinisch-Bergischer Kreis,5.0,,CDU/CSU
Rechtsanwältin / Referentin im BMBF,LAND,12,1981,w,4,Teuteberg,0,0,Linda,N,Z,0,12.0,,FDP
MdEP,LAND,8,1967,m,4,Theurer,0,0,Michael,N,Z,0,8.0,,FDP
Dipl.-Chemieingenieur,WAHLKREIS,145,1964,m,1,Thews,0,0,Michael,J,E,Hamm – Unna II,5.0,,SPD
Rechtsanwalt,WAHLKREIS,146,1955,m,2,Thies,0,0,Hans-Jürgen,N,E,Soest,5.0,,CDU/CSU
Rechtsanwalt,LAND,9,1968,m,4,Thomae,0,0,Stephan,N,Z,0,9.0,,FDP
Rechtsanwalt,WAHLKREIS,267,1968,m,2,Throm,0,0,Alexander,N,E,Heilbronn,8.0,,CDU/CSU
Oberbürgermeisterin,WAHLKREIS,60,1955,w,2,Tiemann,0,Dr.,Dietlind,N,E,Brandenburg an der Havel – Potsdam-Mittelmark I – Havelland III – Teltow-Fläming I,12.0,,CDU/CSU
Dipl.-Finanzwirtin,WAHLKREIS,193,1964,w,2,Tillmann,0,0,Antje,J,E,Erfurt – Weimar – Weimarer Land II,16.0,,CDU/CSU
Elektromeister,LAND,5,1950,m,4,Todtenhausen,0,0,Manfred,N,Z,0,5.0,,FDP
Rechtsanwalt,LAND,8,1979,m,4,Toncar,0,Dr.,Florian,N,Z,0,8.0,,FDP
Politologe,WAHLKREIS,123,1964,m,1,Töns,0,0,Markus,N,E,Gelsenkirchen,5.0,,SPD
MdB,LAND,10,1977,m,5,Tressel,0,0,Markus Stefan,J,Z,0,10.0,,Grüne
MdB / Bundesminister a. D.,LAND,3,1954,m,5,Trittin,0,0,Jürgen,J,Z,0,3.0,,Grüne
Dipl.-Kaufmann,WAHLKREIS,299,1979,m,2,Uhl,0,0,Markus Alexander,J,E,Homburg,10.0,,CDU/CSU
Universitätsprofessor für Infektiologie,LAND,9,1963,m,4,Ullmann,0,Prof. Dr.,Andrew,N,Z,0,9.0,,FDP
Ingenieur,LAND,16,1962,m,4,Ullrich,0,0,Gerald,N,Z,0,16.0,,FDP
MdB,WAHLKREIS,252,1975,m,3,Ullrich,0,Dr.,Volker Michael,J,E,Augsburg-Stadt,9.0,,CDU/CSU
MdB,LAND,7,1971,m,34,Ulrich,0,0,Alexander,J,Z,0,7.0,,Die Linke
MdB,WAHLKREIS,160,1955,m,2,Vaatz,0,0,Arnold,J,E,Dresden II – Bautzen II,14.0,,CDU/CSU
MdB,WAHLKREIS,177,1961,m,2,Veith,0,0,Oswin,J,E,Wetterau I,6.0,,CDU/CSU
MdB / Dipl.-Umweltwissenschaftlerin,LAND,3,1979,w,5,Verlinden,0,Dr.,Julia Maria Kornelia,J,Z,0,3.0,,Grüne
Betriebswirtin,WAHLKREIS,135,1976,w,2,Vieregge,0,0,Kerstin,N,E,Lippe I,5.0,,CDU/CSU
Politikwissenschaftler,LAND,5,1982,m,4,Vogel,0,0,Johannes,N,Z,0,5.0,,FDP
Dipl.-Ingenieur (FH),WAHLKREIS,194,1959,m,2,Vogel,0,0,Volkmar,J,E,Gera – Greiz – Altenburger Land,16.0,,CDU/CSU
MdB,LAND,5,1963,w,34,Vogler,0,0,Kathrin,J,Z,0,5.0,,Die Linke
MdB / Rechtsanwältin,LAND,8,1964,w,1,Vogt,0,0,Ute,J,Z,0,8.0,,SPD
selbst. Kaufmann,WAHLKREIS,117,1971,m,1,Vöpel,0,0,Dirk,J,E,Oberhausen – Wesel III,5.0,,SPD
Dipl.-Soziologe / ltd. Angestellter,LAND,2,1974,m,2,Vries,de,0,Christoph Bernhard,N,Z,0,2.0,,CDU/CSU
MdB,WAHLKREIS,71,1955,m,2,Vries,de,0,Kees,J,E,Anhalt,15.0,,CDU/CSU
MdB / Rechtsanwalt,WAHLKREIS,4,1963,m,2,Wadephul,0,Dr.,Johann David,J,E,Rendsburg-Eckernförde,1.0,,CDU/CSU
MdB,LAND,5,1969,w,34,Wagenknecht,0,Dr.,Sahra,J,Z,0,5.0,,Die Linke
Heilerziehungspfleger,LAND,9,1972,m,34,Wagner,0,0,Andreas,N,Z,0,9.0,,Die Linke
Stadträtin a. D.,LAND,6,1957,w,5,Wagner,0,0,Daniela,N,Z,0,6.0,,Grüne
MdB / Dipl.-Psychologin,LAND,9,1964,w,5,Walter-Rosenheimer,0,0,Beate,J,Z,0,9.0,,Grüne
MdB / Rechtsanwalt,WAHLKREIS,163,1975,m,2,Wanderwitz,0,0,Marco,J,E,Chemnitzer Umland – Erzgebirgskreis II,14.0,,CDU/CSU
MdB / Keramikmalerin,LAND,7,1955,w,1,Weber,0,0,Gabi,J,Z,0,7.0,,SPD
Vizepräsidentin SGD Nord,LAND,7,1969,w,4,Weeser,0,0,Sandra,N,Z,0,7.0,,FDP
MdB / Versicherungskaufmann,LAND,11,1972,m,2,Wegner,0,0,Kai,J,Z,0,11.0,,CDU/CSU
Beraterin von Start-Up-Unternehmen,LAND,8,1979,w,35,Weidel,0,0,Alice,N,Z,0,8.0,,AfD
Dipl.-Verwaltungswirt / Betriebswirt,WAHLKREIS,195,1965,m,2,Weiler,0,0,Albert Helmut,J,E,Saalfeld-Rudolstadt – Saale-Holzland-Kreis – Saale-Orla-Kreis,16.0,,CDU/CSU
MdB / Soziologe,LAND,9,1957,m,34,Weinberg,0,0,Harald,J,Z,0,9.0,,Die Linke
MdB,LAND,2,1967,m,2,Weinberg,0,0,Marcus,J,Z,0,2.0,,CDU/CSU
MdB / Rechtsanwältin,WAHLKREIS,250,1976,w,3,Weisgerber,0,Dr.,Anja,J,E,Schweinfurt,9.0,,CDU/CSU
MdB,WAHLKREIS,283,1956,m,2,Weiß,0,0,Peter Siegfried,J,E,Emmendingen – Lahr,8.0,,CDU/CSU
Rechtsanwältin,WAHLKREIS,113,1958,w,2,Weiss,0,0,Sabine Katharina,J,E,Wesel I,5.0,,CDU/CSU
MdB / Vors. Richter am LG a. D.,WAHLKREIS,271,1959,m,2,Wellenreuther,0,0,Ingo,J,E,Karlsruhe-Stadt,8.0,,CDU/CSU
MdB,WAHLKREIS,151,1985,m,2,Wendt,0,0,Marian,J,E,Nordsachsen,14.0,,CDU/CSU
Kauffrau im Einzelhandel,LAND,7,1973,w,34,Werner,0,0,Katrin,J,Z,0,7.0,,Die Linke
Fundraiserin,LAND,5,1967,w,4,Westig,0,0,Nicole,N,Z,0,5.0,,FDP
MdB,WAHLKREIS,48,1960,m,1,Westphal,0,0,Bernd Helmut,J,E,Hildesheim,3.0,,SPD
Professor der Betriebswirtschaft,LAND,5,1959,m,35,Weyel,0,Prof. Dr.,Harald,N,Z,0,5.0,,AfD
MdB / Wirtschaftswissenschaftler (M. Sc.),WAHLKREIS,273,1985,m,2,Whittaker,0,0,Kai,J,E,Rastatt,8.0,,CDU/CSU
MdB / parl. Staatssekretärin,WAHLKREIS,290,1966,w,2,Widmann-Mauz,0,0,Annette,J,E,Tübingen,8.0,,CDU/CSU
IT-Berater / Dipl.-Informatiker,LAND,9,1964,m,35,Wiehle,0,0,Wolfgang,N,Z,0,9.0,,AfD
Jurist,LAND,5,1983,m,1,Wiese,0,0,Dirk,J,Z,0,5.0,,SPD
Unternehmensberaterin,WAHLKREIS,183,1966,w,2,Wiesmann,0,0,Bettina Margarethe,N,E,Frankfurt am Main II,6.0,,CDU/CSU
Dipl.-Geologe,LAND,7,1952,m,35,Wildberg,0,Dr.,Heiko,N,Z,0,7.0,,AfD
Dipl.-Volkswirt,WAHLKREIS,178,1961,m,2,Willsch,0,0,Klaus-Peter,J,E,Rheingau-Taunus – Limburg,6.0,,CDU/CSU
Richterin a. D.,WAHLKREIS,97,1962,w,2,Winkelmeier-Becker,0,0,Elisabeth,J,E,Rhein-Sieg-Kreis I,5.0,,CDU/CSU
Rechtsanwalt,LAND,10,1963,m,35,Wirth,0,Dr.,Christian Friedrich,N,Z,0,10.0,,AfD
Dipl.-Personalwirt,LAND,5,1959,m,35,Witt,0,0,Uwe,N,Z,0,5.0,,AfD
Dipl.-Geograph,LAND,5,1966,m,2,Wittke,0,0,Oliver,J,Z,0,5.0,,CDU/CSU
MdB,LAND,5,1962,w,1,Yüksel,0,0,Gülistan,J,Z,0,5.0,,SPD
Journalist,LAND,5,1954,m,34,Zdebel,0,0,Hubertus,J,Z,0,5.0,,Die Linke
MdB,WAHLKREIS,240,1987,w,3,Zeulner,0,0,Emmi,J,E,Kulmbach,9.0,,CDU/CSU
Dipl.-Finanzökonomin,LAND,12,1960,w,1,Ziegler,0,0,Dagmar,J,Z,0,12.0,,SPD
Angestellter / Student,LAND,5,1985,m,2,Ziemiak,0,0,Paul,N,Z,0,5.0,,CDU/CSU
Werkzeugmacher / Touristikfachwirt,LAND,12,1970,m,1,Zierke,0,0,Stefan,J,Z,0,12.0,,SPD
Hochschullehrer,WAHLKREIS,182,1961,m,2,Zimmer,0,Prof. Dr.,Matthias Rainer,J,E,Frankfurt am Main I,6.0,,CDU/CSU
MdB,LAND,6,1981,m,1,Zimmermann,0,Dr.,Jens,J,Z,0,6.0,,SPD
Mediengestalterin,LAND,3,1956,w,34,Zimmermann,0,0,Pia-Beate,J,Z,0,3.0,,Die Linke
MdB,LAND,14,1960,w,34,Zimmermann,0,0,Sabine,J,Z,0,14.0,,Die Linke
