beruf,gebietsart,gebietsnummer,geburtsdatum,geschlecht,gruppe,name,vorname,vorperiode,wahlart,Gebiet,bundesland_kennung,bundesland,party
Dipl.-Agraringenieur / Angestellter ö. D. / Unternehmer,WAHLKREIS,7,1952,m,2,Abercron,Michael,N,E,Pinneberg,1,Schleswig-Holstein,CDU/CSU
Angestellte,LAND,4,1976,w,34,Achelwilm,Doris Maria,N,Z,0,4,Bremen,DIE LINKE
Sozialwissenschaftlerin,LAND,8,1982,w,34,Akbulut,Gökay,N,Z,0,8,Baden-Württemberg,DIE LINKE
MdB / Geschäftsführer,LAND,3,1968,m,2,Albani,Stephan,J,Z,0,3,Niedersachsen,CDU/CSU
MdB / Politologin,LAND,9,1983,w,3,Albsteiger,Katrin,J,Z,0,9,Bayern,CDU/CSU
Bürgermeister,WAHLKREIS,181,1972,m,2,Altenkamp,Norbert Maria,N,E,Main-Taunus,6,Hessen,CDU/CSU
Jurist,WAHLKREIS,297,1958,m,2,Altmaier,Peter,J,E,Saarlouis,10,Saarland,CDU/CSU
Jurist,WAHLKREIS,16,1992,m,2,Amthor,Philipp,N,E,Mecklenburgische Seenplatte I – Vorpommern-Greifswald II,13,Mecklenburg-Vorpommern,CDU/CSU
MdB / Islamwissenschaftlerin,LAND,1,1984,w,5,Amtsberg,Luise,J,Z,0,1,Schleswig-Holstein,GRÜNE
Dipl.-Volkswirtin,LAND,8,1968,w,5,Andreae,Kerstin,J,Z,0,8,Baden-Württemberg,GRÜNE
MdL / Juristin,LAND,15,1976,w,34,Angern,Eva,N,Z,0,15,Sachsen-Anhalt,DIE LINKE
Historiker,WAHLKREIS,20,1973,m,1,Annen,Niels,J,E,Hamburg-Eimsbüttel,2,Hamburg,SPD
MdB / Dipl.-Kauffrau / Dipl.-Soziologin,LAND,5,1961,w,1,Arndt-Brauer,Ingrid,J,Z,0,5,Nordrhein-Westfalen,SPD
MdB / Landwirtschaftsmeister,WAHLKREIS,241,1963,m,3,Auernhammer,Artur,J,E,Ansbach,9,Bayern,CDU/CSU
Dipl.-Betriebswirt (FH),WAHLKREIS,233,1976,m,3,Aumer,Peter,N,E,Regensburg,9,Bayern,CDU/CSU
Studentin,LAND,9,1990,w,1,Bach,Bela,N,Z,0,9,Bayern,SPD
MdB / Diakonin,LAND,8,1955,w,1,Baehrens,Heike,J,Z,0,8,Baden-Württemberg,SPD
Völkerrechtlerin,LAND,12,1980,w,5,Baerbock,Annalena,J,Z,0,12,Brandenburg,GRÜNE
MdB,LAND,9,1964,w,1,Bahr,Ulrike,J,Z,0,9,Bayern,SPD
MdB,WAHLKREIS,248,1978,w,3,Bär,Dorothee,J,E,Bad Kissingen,9,Bayern,CDU/CSU
Fachärztin für Kinder- und Jugendmedizin,LAND,5,1965,w,1,Baradari,Nezahat,N,Z,0,5,Nordrhein-Westfalen,SPD
MdB,WAHLKREIS,295,1975,m,2,Bareiß,Thomas,J,E,Zollernalb – Sigmaringen,8,Baden-Württemberg,CDU/CSU
MdB / Juristin,LAND,7,1968,w,1,Barley,Katarina,J,Z,0,7,Rheinland-Pfalz,SPD
MdB / Juristin,LAND,7,1953,w,1,Barnett,Doris,J,Z,0,7,Rheinland-Pfalz,SPD
MdB / parl. Staatssekretär,WAHLKREIS,269,1952,m,2,Barthle,Norbert,J,E,Backnang – Schwäbisch Gmünd,8,Baden-Württemberg,CDU/CSU
Jurist,WAHLKREIS,19,1959,m,1,Bartke,Matthias,J,E,Hamburg-Altona,2,Hamburg,SPD
Dipl.-Politologe,WAHLKREIS,171,1974,m,1,Bartol,Sören,J,E,Marburg,6,Hessen,SPD
MdB,LAND,13,1958,m,34,Bartsch,Dietmar Gerhard,J,Z,0,13,Mecklenburg-Vorpommern,DIE LINKE
MdB,WAHLKREIS,115,1968,w,1,Bas,Bärbel,J,E,Duisburg I,5,Nordrhein-Westfalen,SPD
MdL,LAND,9,1959,w,5,Bause,Margarete,N,Z,0,9,Bayern,GRÜNE
Rechtsanwältin,WAHLKREIS,83,1966,w,5,Bayram,Canan,N,E,Berlin-Friedrichshain-Kreuzberg – Prenzlauer Berg Ost,11,Berlin,GRÜNE
wiss. Mitarbeiter,LAND,5,1983,m,1,Becker,Heiko,N,Z,0,5,Nordrhein-Westfalen,SPD
MdB / Sparkassenbetriebswirt,LAND,3,1981,m,2,Beermann,Maik,J,Z,0,3,Niedersachsen,CDU/CSU
MdB,WAHLKREIS,67,1956,m,2,Behrens,Manfred,J,E,Börde – Jerichower Land,15,Sachsen-Anhalt,CDU/CSU
MdB,WAHLKREIS,161,1960,w,2,Bellmann,Veronika,J,E,Mittelsachsen,14,Sachsen,CDU/CSU
Dipl.-Ing. Landschaftsplanung,WAHLKREIS,129,1961,w,2,Benning,Sybille,J,E,Münster,5,Nordrhein-Westfalen,CDU/CSU
MdB / Jurist,WAHLKREIS,38,1972,m,2,Berghegger,André,J,E,Osnabrück-Land,3,Niedersachsen,CDU/CSU
Kulturwissenschaftlerin,WAHLKREIS,6,1976,w,2,Bernstein,Melanie,N,E,Plön – Neumünster,1,Schleswig-Holstein,CDU/CSU
Kommunikationsberater,WAHLKREIS,72,1984,m,2,Bernstiel,Christoph,N,E,Halle,15,Sachsen-Anhalt,CDU/CSU
MdB,WAHLKREIS,48,1961,w,2,Bertram,Ute,J,E,Hildesheim,3,Niedersachsen,CDU/CSU
MdB / Rechtsanwalt,WAHLKREIS,105,1970,m,2,Beyer,Peter,J,E,Mettmann II,5,Nordrhein-Westfalen,CDU/CSU
ltd. Angestellter in der Digitalbranche,WAHLKREIS,260,1979,m,2,Biadacz,Marc,N,E,Böblingen,8,Baden-Württemberg,CDU/CSU
MdB / Verleger,WAHLKREIS,281,1962,m,2,Bieberstein,Matern,J,E,Freiburg,8,Baden-Württemberg,CDU/CSU
MdB / Rechtsanwalt,WAHLKREIS,265,1979,m,2,Bilger,Steffen,J,E,Ludwigsburg,8,Baden-Württemberg,CDU/CSU
MdB / Dipl.-Mathematiker,LAND,8,1950,m,1,Binding,Lothar,J,Z,0,8,Baden-Württemberg,SPD
Dipl.-Sozialwissenschaftler,LAND,5,1961,m,34,Birkwald,Matthias W.,J,Z,0,5,Nordrhein-Westfalen,DIE LINKE
MdB / Landwirtschaftsmeister,WAHLKREIS,200,1952,m,2,Bleser,Peter,J,E,Mosel/Rhein-Hunsrück,7,Rheinland-Pfalz,CDU/CSU
MdB / Angestellter,LAND,5,1966,m,1,Blienert,Burkhard,J,Z,0,5,Nordrhein-Westfalen,SPD
MdB,LAND,13,1958,w,34,Bluhm,Heidrun,J,Z,0,13,Mecklenburg-Vorpommern,DIE LINKE
Jurist,WAHLKREIS,10,1954,m,2,Brackmann,Norbert,J,E,Herzogtum Lauenburg – Stormarn-Süd,1,Schleswig-Holstein,CDU/CSU
Elektrohandwerksmeister,WAHLKREIS,158,1957,m,2,Brähmig,Klaus,J,E,Sächsische Schweiz-Osterzgebirge,14,Sachsen,CDU/CSU
MdB,WAHLKREIS,174,1973,m,2,Brand,Michael,J,E,Fulda,6,Hessen,CDU/CSU
MdB / Dipl.-Wirtschaftsingenieur,WAHLKREIS,216,1977,m,3,Brandl,Reinhard,J,E,Ingolstadt,9,Bayern,CDU/CSU
MdB / Rechtsanwalt,WAHLKREIS,88,1950,m,2,Brandt,Helmut,J,E,Aachen II,5,Nordrhein-Westfalen,CDU/CSU
MdB,LAND,8,1979,w,5,Brantner,Franziska,J,Z,0,8,Baden-Württemberg,GRÜNE
parl. Staatssekretär,LAND,5,1967,m,2,Brauksiepe,Ralf,J,Z,0,5,Nordrhein-Westfalen,CDU/CSU
Arzt,WAHLKREIS,173,1972,m,2,Braun,Helge Reinhold,J,E,Gießen,6,Hessen,CDU/CSU
Geschäftsführerin / Rechtsanwältin,WAHLKREIS,32,1973,w,2,Breher,Silvia,N,E,Cloppenburg – Vechta,3,Niedersachsen,CDU/CSU
Steuerberater / Dipl.-Kaufmann,WAHLKREIS,244,1971,m,3,Brehm,Sebastian,N,E,Nürnberg-Nord,9,Bayern,CDU/CSU
MdB / Dipl.-Betriebswirtin (FH),WAHLKREIS,68,1962,w,2,Brehmer,Heike,J,E,Harz,15,Sachsen-Anhalt,CDU/CSU
Einzelhandelskauffrau,LAND,8,1960,w,1,Breymaier,Leni,N,Z,0,8,Baden-Württemberg,SPD
MdB / Steuerberater,WAHLKREIS,131,1968,m,2,Brinkhaus,Ralph,J,E,Gütersloh I,5,Nordrhein-Westfalen,CDU/CSU
ltd. Angestellter / Dipl.-Volkswirt,WAHLKREIS,99,1967,m,2,Brodesser,Carsten,N,E,Oberbergischer Kreis,5,Nordrhein-Westfalen,CDU/CSU
ltd. Angestellter / Dipl.-Volkswirt,WAHLKREIS,99,1967,m,2,Brodesser,Carsten,N,E,Bundesgebiet,0,,CDU/CSU
MdB,LAND,8,1985,w,5,Brugger,Agnes,J,Z,0,8,Baden-Württemberg,GRÜNE
MdB,LAND,9,1953,m,1,Brunner,Karl Heinz,J,Z,0,9,Bayern,SPD
Erziehungswissenschaftlerin,LAND,6,1971,w,34,Buchholz,Christine,J,Z,0,6,Hessen,DIE LINKE
MdL / Dipl.-Ing. für Arbeitsgestaltung,LAND,15,1965,w,1,Budde,Katrin,N,Z,0,15,Sachsen-Anhalt,SPD
Erziehungswissenschaftlerin / Soziologin,LAND,15,1963,w,34,Bull-Bischoff,Birke,N,Z,0,15,Sachsen-Anhalt,DIE LINKE
freier Journalist / Publizist,WAHLKREIS,142,1971,m,1,Bülow,Marco,J,E,Dortmund I,5,Nordrhein-Westfalen,SPD
MdB / Gewerkschaftssekretär,LAND,9,1964,m,1,Burkert,Martin,J,Z,0,9,Bayern,SPD
Abteilungsleiterin,WAHLKREIS,114,1966,w,1,Buttkereit,Elke,N,E,Krefeld II – Wesel II,5,Nordrhein-Westfalen,SPD
MdB / Hochschulprofessor,LAND,8,1974,m,1,Castellucci,Lars,J,Z,0,8,Baden-Württemberg,SPD
MdB / Rechtsanwältin,WAHLKREIS,25,1964,w,2,Connemann,Gitta,J,E,Unterems,3,Niedersachsen,CDU/CSU
Journalistin,LAND,5,1975,w,34,Dağdelen,Sevim,J,Z,0,5,Nordrhein-Westfalen,DIE LINKE
MdB,LAND,5,1956,m,1,Daldrup,Bernhard,J,Z,0,5,Nordrhein-Westfalen,SPD
geschäftsf. Gesellschafterin Coaching und Beratung,WAHLKREIS,2,1958,w,2,Damerow,Astrid,N,E,Nordfriesland – Dithmarschen Nord,1,Schleswig-Holstein,CDU/CSU
Liederautor / Medienunternehmer,LAND,3,1950,m,34,Dehm-Desoi,Jörg-Diether Wilhelm,J,Z,0,3,Niedersachsen,DIE LINKE
MdB / Dipl.-Verwaltungswissenschaftlerin,LAND,9,1971,w,5,Deligöz,Ekin,J,Z,0,9,Bayern,GRÜNE
MdB / Dipl.-Chemiker,LAND,15,1961,m,1,Diaby,Karamba,J,Z,0,15,Sachsen-Anhalt,SPD
MdB,LAND,9,1964,w,1,Dittmar,Sabine,J,Z,0,9,Bayern,SPD
MdB,WAHLKREIS,226,1970,m,3,Dobrindt,Alexander,J,E,Weilheim,9,Bayern,CDU/CSU
Publizistin,LAND,12,1968,w,34,Domscheit-Berg,Anke,N,Z,0,12,Brandenburg,DIE LINKE
MdB,WAHLKREIS,289,1967,m,2,Donth,Michael,J,E,Reutlingen,8,Baden-Württemberg,CDU/CSU
Rechtsanwalt,WAHLKREIS,93,1962,m,1,Dörmann,Martin,J,E,Köln I,5,Nordrhein-Westfalen,SPD
MdB,LAND,5,1976,w,5,Dörner,Katja,J,Z,0,5,Nordrhein-Westfalen,GRÜNE
Kauffrau im Einzelhandel,LAND,5,1953,w,2,Dött,Marie-Luise,J,Z,0,5,Nordrhein-Westfalen,CDU/CSU
MdB,LAND,8,1951,w,1,Drobinski-Weiß,Elvira,J,Z,0,8,Baden-Württemberg,SPD
Dipl.-Volkswirtin,LAND,5,1984,w,5,Dröge,Katharina,J,Z,0,5,Nordrhein-Westfalen,GRÜNE
MdB,WAHLKREIS,253,1971,m,3,Durz,Hansjörg,J,E,Augsburg-Land,9,Bayern,CDU/CSU
MdB / Gymnasiallehrerin,LAND,9,1958,w,3,Eberl,Iris Maria,J,Z,0,9,Bayern,CDU/CSU
MdB / Dipl.-Agraringenieur,LAND,8,1964,m,5,Ebner,Harald,J,Z,0,8,Baden-Württemberg,GRÜNE
MdB / Bürokauffrau,LAND,5,1952,w,2,Eckenbach,Jutta,J,Z,0,5,Nordrhein-Westfalen,CDU/CSU
MdB / Erzieherin,LAND,5,1960,w,1,Engelmeier,Michaela,J,Z,0,5,Nordrhein-Westfalen,SPD
Bäckermeister,WAHLKREIS,156,1964,m,2,Ermer,Roland,N,E,Bautzen I,14,Sachsen,CDU/CSU
Dipl.-Ing. Elektrotechnik (FH),WAHLKREIS,227,1974,m,3,Erndl,Thomas,N,E,Deggendorf,9,Bayern,CDU/CSU
MdB / Gewerkschaftssekretär,LAND,9,1954,m,34,Ernst,Klaus Friedrich,J,Z,0,9,Bayern,DIE LINKE
wiss. Mitarbeiterin,WAHLKREIS,132,1984,w,1,Esdar,Wiebke,N,E,Bielefeld – Gütersloh II,5,Nordrhein-Westfalen,SPD
MdB / Informatikerin,LAND,8,1961,w,1,Esken,Saskia,J,Z,0,8,Baden-Württemberg,SPD
MdB / Rechtsanwalt,LAND,9,1965,m,3,Fabritius,Bernd-Bernhard,J,Z,0,9,Bayern,CDU/CSU
Staatssekretärin / Dipl.-Chemikerin,WAHLKREIS,42,1967,w,1,Fahimi,Yasmin,N,E,Stadt Hannover II,3,Niedersachsen,SPD
MdB,WAHLKREIS,263,1963,m,2,Färber,Hermann,J,E,Göppingen,8,Baden-Württemberg,CDU/CSU
MdB,LAND,8,1972,m,1,Fechner,Johannes,J,Z,0,8,Baden-Württemberg,SPD
Dipl.-Finanzwirt,WAHLKREIS,58,1965,m,2,Feiler,Uwe Wolfgang Werner,J,E,Oberhavel – Havelland II,12,Brandenburg,CDU/CSU
MdB,WAHLKREIS,153,1965,m,2,Feist,Thomas,J,E,Leipzig II,14,Sachsen,CDU/CSU
MdB / klassischer Philologe / Lehrer,WAHLKREIS,82,1968,m,1,Felgentreu,Fritz,J,E,Berlin-Neukölln,11,Berlin,SPD
parl. Staatssekretär,WAHLKREIS,29,1963,m,2,Ferlemann,Enak,J,E,Cuxhaven – Stade II,3,Niedersachsen,CDU/CSU
Betriebsratsvorsitzende,LAND,9,1973,w,34,Ferschl,Susanne,N,Z,0,9,Bayern,DIE LINKE
MdB / Dipl.-Mathematikerin,LAND,11,1956,w,1,Finckh-Krämer,Ute,J,Z,0,11,Berlin,SPD
MdB,WAHLKREIS,272,1966,m,2,Fischer,Axel,J,E,Karlsruhe-Land,8,Baden-Württemberg,CDU/CSU
MdB / Tierärztin,LAND,3,1963,w,2,Flachsbarth,Maria Franziska,J,Z,0,3,Niedersachsen,CDU/CSU
MdB / Rechtsanwalt,LAND,9,1974,m,1,Flisek,Christian,J,Z,0,9,Bayern,SPD
MdB,WAHLKREIS,170,1960,m,1,Franke,Edgar Konrad Hartmut,J,E,Schwalm-Eder,6,Hessen,SPD
MdB,LAND,12,1951,m,1,Freese,Ulrich Ronald,J,Z,0,12,Brandenburg,SPD
MdB,WAHLKREIS,286,1973,m,2,Frei,Thorsten,J,E,Schwarzwald-Baar,8,Baden-Württemberg,CDU/CSU
Lehrerin a. D.,WAHLKREIS,150,1953,w,1,Freitag,Dagmar,J,E,Märkischer Kreis II,5,Nordrhein-Westfalen,SPD
MdB,LAND,9,1973,w,3,Freudenstein,Astrid,J,Z,0,9,Bayern,CDU/CSU
MdB,WAHLKREIS,239,1957,m,3,Friedrich,Hans-Peter,J,E,Hof,9,Bayern,CDU/CSU
MdB / Rechtsanwalt,WAHLKREIS,245,1964,m,3,Frieser,Michael,J,E,Nürnberg-Süd,9,Bayern,CDU/CSU
MdB / parl. Staatssekretär,WAHLKREIS,280,1952,m,2,Fuchtel,Hans-Joachim,J,E,Calw,8,Baden-Württemberg,CDU/CSU
Apothekerin,LAND,5,1958,w,34,Gabelmann,Sylvia,N,Z,0,5,Nordrhein-Westfalen,DIE LINKE
MdB / Bundesminister,WAHLKREIS,49,1959,m,1,Gabriel,Sigmar Hartmut,J,E,Salzgitter – Wolfenbüttel,3,Niedersachsen,SPD
Berufssoldat,WAHLKREIS,9,1960,m,2,Gädechens,Ingo,J,E,Ostholstein – Stormarn-Nord,1,Schleswig-Holstein,CDU/CSU
MdB,LAND,8,1970,m,5,Gastel,Matthias,J,Z,0,8,Baden-Württemberg,GRÜNE
MdB,WAHLKREIS,211,1971,m,2,Gebhart,Thomas,J,E,Südpfalz,7,Rheinland-Pfalz,CDU/CSU
Dipl.-Sozialwissenschaftler,LAND,5,1977,m,5,Gehring,Kai Boris,J,Z,0,5,Nordrhein-Westfalen,GRÜNE
MdAB / Rechtsanwalt,LAND,11,1976,m,5,Gelbhaar,Stefan,N,Z,0,11,Berlin,GRÜNE
MdB / Elektrohauer,WAHLKREIS,125,1960,m,1,Gerdes,Michael,J,E,Bottrop – Recklinghausen III,5,Nordrhein-Westfalen,SPD
MdB / Landwirtschaftsmeister,WAHLKREIS,276,1956,m,2,Gerig,Alois,J,E,Odenwald – Tauber,8,Baden-Württemberg,CDU/CSU
MdB,LAND,8,1971,m,1,Gerster,Martin,J,Z,0,8,Baden-Württemberg,SPD
MdB / Kaufmann,WAHLKREIS,266,1951,m,2,Gienger,Eberhard,J,E,Neckar-Zaber,8,Baden-Württemberg,CDU/CSU
MdB,LAND,5,1978,w,2,Giousouf,Cemile,J,Z,0,5,Nordrhein-Westfalen,CDU/CSU
MdB,LAND,7,1962,w,1,Glöckner,Angelika,J,Z,0,7,Rheinland-Pfalz,SPD
Sozialdezernent / Volljurist,WAHLKREIS,66,1958,m,2,Gnodtke,Eckhard,N,E,Altmark,15,Sachsen-Anhalt,CDU/CSU
MdB / Kommunikationswissenschaftlerin,LAND,9,1975,w,34,Gohlke,Nicole Stephanie,J,Z,0,9,Bayern,DIE LINKE
MdB,LAND,16,1966,w,5,Göring-Eckardt,Katrin,J,Z,0,16,Thüringen,GRÜNE
MdL,WAHLKREIS,168,1976,m,1,Gremmels,Timon,N,E,Kassel,6,Hessen,SPD
MdB,LAND,5,1966,w,1,Griese,Kerstin,J,Z,0,5,Nordrhein-Westfalen,SPD
MdB / Bankkauffrau,WAHLKREIS,205,1965,w,2,Groden-Kranich,Ursula,J,E,Mainz,7,Rheinland-Pfalz,CDU/CSU
MdB / Bundesminister / Jurist,WAHLKREIS,108,1961,m,2,Gröhe,Hermann,J,E,Neuss I,5,Nordrhein-Westfalen,CDU/CSU
MdB / Jurist,WAHLKREIS,80,1966,m,2,Gröhler,Klaus-Dieter,J,E,Berlin-Charlottenburg-Wilmersdorf,11,Berlin,CDU/CSU
Geschäftsbereichsleiter,WAHLKREIS,122,1956,m,1,Groß,Michael Peter,J,E,Recklinghausen II,5,Nordrhein-Westfalen,SPD
MdB / Rechtsanwalt,WAHLKREIS,36,1960,m,2,Grosse-Brömer,Michael,J,E,Harburg,3,Niedersachsen,CDU/CSU
MdB / Dipl.-Ökotrophologin,WAHLKREIS,28,1964,w,2,Grotelüschen,Astrid Katharina Josefine,J,E,Delmenhorst – Wesermarsch – Oldenburg-Land,3,Niedersachsen,CDU/CSU
MdB / Polizeibeamter,LAND,9,1975,m,1,Grötsch,Uli,J,Z,0,9,Bayern,SPD
MdB / parl. Staatssekretär,WAHLKREIS,261,1959,m,2,Grübel,Markus,J,E,Esslingen,8,Baden-Württemberg,CDU/CSU
Dipl.-Elektroingenieur,WAHLKREIS,189,1955,m,2,Grund,Manfred,J,E,Eichsfeld – Nordhausen – Kyffhäuserkreis,16,Thüringen,CDU/CSU
Vertriebsmanager,LAND,9,1963,m,5,Grundl,Erhard,N,Z,0,9,Bayern,GRÜNE
MdB / Rechtsanwalt,WAHLKREIS,30,1971,m,2,Grundmann,Oliver Klaus,J,E,Stade I – Rotenburg II,3,Niedersachsen,CDU/CSU
Staatsministerin für Kultur und Medien,LAND,11,1962,w,2,Grütters,Monika,J,Z,0,11,Berlin,CDU/CSU
Senatorin a. D.,LAND,2,1949,w,2,Gundelach,Herlind,J,Z,0,2,Hamburg,CDU/CSU
MdB,LAND,3,1966,m,2,Güntzler,Fritz,J,Z,0,3,Niedersachsen,CDU/CSU
MdB / Rechtsanwalt,WAHLKREIS,278,1970,m,2,Gutting,Olav,J,E,Bruchsal – Schwetzingen,8,Baden-Württemberg,CDU/CSU
Rechtsanwalt,WAHLKREIS,84,1948,m,34,Gysi,Gregor,J,E,Berlin-Treptow-Köpenick,11,Berlin,DIE LINKE
Rechtsanwalt,LAND,5,1965,m,2,Haardt,Christian,N,Z,0,5,Nordrhein-Westfalen,CDU/CSU
Dipl.-Verwaltungswirt,WAHLKREIS,136,1966,m,2,Haase,Christian,J,E,Höxter – Lippe II,5,Nordrhein-Westfalen,CDU/CSU
MdB / Goldschmiedin,LAND,1,1955,w,1,Hagedorn,Bettina,J,Z,0,1,Schleswig-Holstein,SPD
MdB / Studienrätin,LAND,9,1970,w,1,Hagl-Kehl,Rita,J,Z,0,9,Bayern,SPD
MdB,LAND,14,1963,m,34,Hahn,André,J,Z,0,14,Sachsen,DIE LINKE
MdB,WAHLKREIS,221,1974,m,3,Hahn,Florian Peter,J,E,München-Land,9,Bayern,CDU/CSU
Dipl.-Psychologin,LAND,2,1963,w,5,Hajduk,Anja Margarete Helene,J,Z,0,2,Hamburg,GRÜNE
Volljurist,WAHLKREIS,23,1969,m,1,Hakverdi,Metin,J,E,Hamburg-Bergedorf – Harburg,2,Hamburg,SPD
Bergmann / Gewerkschaftssekretär,LAND,5,1964,m,1,Hampel,Ulrich,J,Z,0,5,Nordrhein-Westfalen,SPD
MdB,LAND,8,1966,w,34,Hänsel,Heike,J,Z,0,8,Baden-Württemberg,DIE LINKE
MdB / Rechtsanwalt,WAHLKREIS,277,1971,m,2,Harbarth,Stephan,J,E,Rhein-Neckar,8,Baden-Württemberg,CDU/CSU
MdB / Dipl.-Volkswirt,WAHLKREIS,103,1963,m,2,Hardt,Jürgen,J,E,Solingen – Remscheid – Wuppertal II,5,Nordrhein-Westfalen,CDU/CSU
MdB,LAND,5,1977,m,1,Hartmann,Sebastian,J,Z,0,5,Nordrhein-Westfalen,SPD
Dipl.-Sozialarbeiterin,LAND,5,1961,w,5,Haßelmann,Britta,J,Z,0,5,Nordrhein-Westfalen,GRÜNE
MdB / Rechtsanwalt,WAHLKREIS,120,1977,m,2,Hauer,Matthias,J,E,Essen III,5,Nordrhein-Westfalen,CDU/CSU
MdB / Politikwissenschaftler,WAHLKREIS,196,1984,m,2,Hauptmann,Mark,J,E,Suhl – Schmalkalden-Meiningen – Hildburghausen – Sonneberg,16,Thüringen,CDU/CSU
Rechtsanwalt,LAND,6,1982,m,2,Heck,Stefan,J,Z,0,6,Hessen,CDU/CSU
Dipl.-Kaufmann,LAND,3,1964,m,2,Hegewald,Reinhard,N,Z,0,3,Niedersachsen,CDU/CSU
Geschäftsführer,WAHLKREIS,119,1961,m,1,Heidenblut,Dirk,J,E,Essen II,5,Nordrhein-Westfalen,SPD
Rechtsanwalt,WAHLKREIS,149,1966,m,2,Heider,Matthias,J,E,Olpe – Märkischer Kreis I,5,Nordrhein-Westfalen,CDU/CSU
MdB / Politikwissenschaftler,WAHLKREIS,45,1972,m,1,Heil,Hubertus,J,E,Gifhorn – Peine,3,Niedersachsen,SPD
MdB / Dipl.-Ing. Architektur,WAHLKREIS,198,1961,w,2,Heil,Mechthild,J,E,Ahrweiler,7,Rheinland-Pfalz,CDU/CSU
Volljurist,WAHLKREIS,79,1964,m,2,Heilmann,Thomas,N,E,Berlin-Steglitz-Zehlendorf,11,Berlin,CDU/CSU
Theologe,WAHLKREIS,162,1964,m,2,Heinrich,Frank,J,E,Chemnitz,14,Sachsen,CDU/CSU
MdB / Redakteurin,LAND,9,1963,w,1,Heinrich,Gabriela,J,Z,0,9,Bayern,SPD
MdB / Volljurist,LAND,7,1977,m,1,Held,Marcus,J,Z,0,7,Rheinland-Pfalz,SPD
MdB / Betriebswirt,WAHLKREIS,3,1978,m,2,Helfrich,Mark,J,E,Steinburg – Dithmarschen Süd,1,Schleswig-Holstein,CDU/CSU
MdB,LAND,5,1958,m,1,Hellmich,Wolfgang,J,Z,0,5,Nordrhein-Westfalen,SPD
Bundesministerin,LAND,5,1952,w,1,Hendricks,Barbara,J,Z,0,5,Nordrhein-Westfalen,SPD
MdB / Arzt,WAHLKREIS,87,1954,m,2,Henke,Rudolf,J,E,Aachen I,5,Nordrhein-Westfalen,CDU/CSU
MdB,WAHLKREIS,262,1965,m,2,Hennrich,Michael,J,E,Nürtingen,8,Baden-Württemberg,CDU/CSU
Rechtsanwalt,WAHLKREIS,127,1976,m,2,Henrichmann,Marc,N,E,Coesfeld – Steinfurt II,5,Nordrhein-Westfalen,CDU/CSU
MdL / Staatsminister,LAND,9,1956,m,3,Herrmann,Joachim Franz Johannes,N,Z,0,9,Bayern,CDU/CSU
MdB / Chemielaborant,WAHLKREIS,209,1958,m,1,Herzog,Gustav,J,E,Kaiserslautern,7,Rheinland-Pfalz,SPD
MdB / Oberregierungsrat a. D.,WAHLKREIS,110,1972,m,2,Heveling,Ansgar,J,E,Krefeld I – Neuss II,5,Nordrhein-Westfalen,CDU/CSU
MdB,WAHLKREIS,11,1953,w,1,Hiller-Ohm,Gabriele,J,E,Lübeck,1,Schleswig-Holstein,SPD
Rechtsanwalt / Fachanwalt für Steuerrecht,WAHLKREIS,190,1976,m,2,Hirte,Christian,J,E,Eisenach – Wartburgkreis – Unstrut-Hainich-Kreis,16,Thüringen,CDU/CSU
Universitätsprofessor,WAHLKREIS,94,1958,m,2,Hirte,Heribert,J,E,Köln II,5,Nordrhein-Westfalen,CDU/CSU
MdB,LAND,7,1982,m,1,Hitschler,Thomas,J,Z,0,7,Rheinland-Pfalz,SPD
MdB / Oberrechtsrat,WAHLKREIS,249,1975,m,3,Hoffmann,Alexander,J,E,Main-Spessart,9,Bayern,CDU/CSU
Dipl.-Biologin,LAND,6,1960,w,5,Hoffmann,Bettina,N,Z,0,6,Hessen,GRÜNE
MdB / Polizeihauptkommissar a. D.,LAND,5,1961,m,2,Hoffmann,Thorsten,J,Z,0,5,Nordrhein-Westfalen,CDU/CSU
MdB / Dipl.-Biologe,LAND,9,1970,m,5,Hofreiter,Anton,J,Z,0,9,Bayern,GRÜNE
MdB / Juristin,WAHLKREIS,75,1969,w,1,Högl,Eva,J,E,Berlin-Mitte,11,Berlin,SPD
MdL,LAND,15,1975,m,34,Höhn,Matthias,N,Z,0,15,Sachsen-Anhalt,DIE LINKE
MdB,WAHLKREIS,234,1956,m,3,Holmeier,Karl,J,E,Schwandorf,9,Bayern,CDU/CSU
MdL / Dipl.-Ökonom,LAND,3,1961,m,5,Holtz,Ottmar,N,Z,0,3,Niedersachsen,GRÜNE
MdB / Bürgermeister a. D.,WAHLKREIS,43,1972,m,2,Hoppenstedt,Hendrik,J,E,Hannover-Land I,3,Niedersachsen,CDU/CSU
MdB / Dipl.-Finanzwirtin(FH),LAND,8,1967,w,2,Horb,Margaret,J,Z,0,8,Baden-Württemberg,CDU/CSU
MdB / Bankkauffrau,LAND,4,1972,w,2,Hornhues,Else Katharina Bettina,J,Z,0,4,Bremen,CDU/CSU
Mediengestalter,LAND,5,1963,m,34,Hunko,Andrej,J,Z,0,5,Nordrhein-Westfalen,DIE LINKE
MdB / Dipl.-Ingenieurin (FH),LAND,16,1968,w,34,Hupach,Sigrid,J,Z,0,16,Thüringen,DIE LINKE
MdB,LAND,5,1956,m,2,Hüppe,Hubert,J,Z,0,5,Nordrhein-Westfalen,CDU/CSU
MdB,WAHLKREIS,214,1970,m,3,Irlstorfer,Erich,J,E,Freising,9,Bayern,CDU/CSU
Oberstudienrat,WAHLKREIS,172,1952,m,2,Irmer,Hans-Jürgen,N,E,Lahn-Dill,6,Hessen,CDU/CSU
MdB / Dipl.-Politologe,LAND,9,1976,m,5,Janecek,Dieter,J,Z,0,9,Bayern,GRÜNE
MdB,LAND,3,1978,w,1,Jantz-Herrmann,Christina,J,Z,0,3,Niedersachsen,SPD
MdB / IT-Berater,WAHLKREIS,106,1973,m,2,Jarzombek,Thomas,J,E,Düsseldorf I,5,Nordrhein-Westfalen,CDU/CSU
Journalistin,LAND,5,1951,w,34,Jelpke,Ursula (Ulla),J,Z,0,5,Nordrhein-Westfalen,DIE LINKE
MdB / Bankfachwirtin,LAND,5,1967,w,2,Jörrißen,Sylvia,J,Z,0,5,Nordrhein-Westfalen,CDU/CSU
MdB,WAHLKREIS,287,1975,m,2,Jung,Andreas,J,E,Konstanz,8,Baden-Württemberg,CDU/CSU
Staatssekretär,WAHLKREIS,179,1978,m,2,Jung,Ingmar Ludwig,N,E,Wiesbaden,6,Hessen,CDU/CSU
MdB / Gymnasiallehrer,LAND,7,1962,m,2,Jung,Xaver,J,Z,0,7,Rheinland-Pfalz,CDU/CSU
Dipl.-Sportlehrer,LAND,13,1967,m,1,Junge,Frank Michael,J,Z,0,13,Mecklenburg-Vorpommern,SPD
MdB / Kfz.-Mechaniker,LAND,8,1959,m,1,Juratovic,Josip,J,Z,0,8,Baden-Württemberg,SPD
MdB / Funkmechaniker,LAND,14,1962,m,1,Jurk,Thomas Edmund,J,Z,0,14,Sachsen,SPD
Oberregierungsrat,WAHLKREIS,144,1970,m,1,Kaczmarek,Oliver,J,E,Unna I,5,Nordrhein-Westfalen,SPD
Angestellter,WAHLKREIS,18,1963,m,1,Kahrs,Johannes,J,E,Hamburg-Mitte,2,Hamburg,SPD
Pressesprecherin,LAND,16,1987,w,1,Kaiser,Elisabeth,N,Z,0,16,Thüringen,SPD
MdB / Baukaufmann,LAND,3,1948,m,2,Kammer,Hans-Werner,J,Z,0,3,Niedersachsen,CDU/CSU
Angestellter,LAND,14,1985,m,1,Kaniewski,Richard,N,Z,0,14,Sachsen,SPD
MdB / Dipl.-Kaufmann,LAND,5,1984,m,2,Kanitz,Steffen,J,Z,0,5,Nordrhein-Westfalen,CDU/CSU
Ärztin,LAND,4,1966,w,5,Kappert-Gonther,Kirsten,N,Z,0,4,Bremen,GRÜNE
Journalist,WAHLKREIS,139,1954,m,1,Kapschack,Ralf,J,E,Ennepe-Ruhr-Kreis II,5,Nordrhein-Westfalen,SPD
MdB / Politikwissenschaftlerin,LAND,14,1980,w,34,Karawanskij,Susanna,J,Z,0,14,Sachsen,DIE LINKE
MdB,WAHLKREIS,232,1950,m,3,Karl,Alois,J,E,Amberg,9,Bayern,CDU/CSU
MdB / Geschäftsführerin Hotellerie,WAHLKREIS,128,1971,w,2,Karliczek,Anja,J,E,Steinfurt III,5,Nordrhein-Westfalen,CDU/CSU
Rechtsanwalt,WAHLKREIS,207,1979,m,2,Kartes,Jens Torbjörn,N,E,Ludwigshafen/Frankenthal,7,Rheinland-Pfalz,CDU/CSU
Dipl.-Ökonomin,LAND,13,1958,w,34,Kassner,Karin Kerstin,J,Z,0,13,Mecklenburg-Vorpommern,DIE LINKE
MdB,LAND,8,1960,w,1,Katzmarek,Gabriele,J,Z,0,8,Baden-Württemberg,SPD
MdB / Jurist,WAHLKREIS,285,1949,m,2,Kauder,Volker,J,E,Rottweil – Tuttlingen,8,Baden-Württemberg,CDU/CSU
Dipl.-Ing. Erkundungsgeologie (FH),LAND,12,1961,w,34,Kaufhold,Birgit Doris,N,Z,0,12,Brandenburg,DIE LINKE
MdB / Rechtsanwalt,WAHLKREIS,258,1969,m,2,Kaufmann,Stefan,J,E,Stuttgart I,8,Baden-Württemberg,CDU/CSU
MdB / Dipl.-Volkswirt,LAND,9,1953,m,5,Kekeritz,Uwe,J,Z,0,9,Bayern,GRÜNE
MdB / Dipl.-Informatiker,WAHLKREIS,96,1968,m,1,Kelber,Ulrich,J,E,Bonn,5,Nordrhein-Westfalen,SPD
MdB,WAHLKREIS,291,1989,w,2,Kemmer,Ronja,J,E,Ulm,8,Baden-Württemberg,CDU/CSU
MdB,LAND,15,1960,w,1,Kermer,Marina,J,Z,0,15,Sachsen-Anhalt,SPD
Angestellter,LAND,6,1964,m,34,Kessler,Achim Dieter,N,Z,0,6,Hessen,DIE LINKE
MdB / Rechtsanwältin,LAND,3,1969,w,5,Keul,Katja,J,Z,0,3,Niedersachsen,GRÜNE
MdB,WAHLKREIS,270,1963,m,2,Kiesewetter,Roderich,J,E,Aalen – Heidenheim,8,Baden-Württemberg,CDU/CSU
Erster Bürgermeister,WAHLKREIS,224,1973,m,3,Kießling,Michael Hannes,N,E,Starnberg – Landsberg am Lech,9,Bayern,CDU/CSU
MdB / Betriebswirt,LAND,3,1985,m,5,Kindler,Sven-Christian,J,Z,0,3,Niedersachsen,GRÜNE
MdB / Rechtsanwalt,WAHLKREIS,91,1959,m,2,Kippels,Georg,J,E,Rhein-Erft-Kreis I,5,Nordrhein-Westfalen,CDU/CSU
MdB / Literaturwissenschaftlerin,LAND,14,1978,w,34,Kipping,Katja,J,Z,0,14,Sachsen,DIE LINKE
MdB / Dipl.-Volkswirtin,LAND,11,1975,w,1,Kiziltepe,Cansel,J,Z,0,11,Berlin,SPD
Lehrer,WAHLKREIS,118,1952,m,1,Klare,Arno,J,E,Mülheim – Essen I,5,Nordrhein-Westfalen,SPD
MdB / Dipl.-Volkswirt,WAHLKREIS,148,1960,m,2,Klein,Volkmar,J,E,Siegen-Wittgenstein,5,Nordrhein-Westfalen,CDU/CSU
Soziologin,LAND,5,1958,w,5,Klein-Schmeink,Maria,J,Z,0,5,Nordrhein-Westfalen,GRÜNE
MdB,LAND,3,1978,m,1,Klingbeil,Lars,J,Z,0,3,Niedersachsen,SPD
MdB,WAHLKREIS,33,1967,m,2,Knoerig,Axel,J,E,Diepholz – Nienburg I,3,Niedersachsen,CDU/CSU
Kulturwissenschaftlerin,LAND,5,1961,w,5,Koczy,Ute,N,Z,0,5,Nordrhein-Westfalen,GRÜNE
MdB,WAHLKREIS,57,1962,m,2,Koeppen,Jens,J,E,Uckermark – Barnim I,12,Brandenburg,CDU/CSU
MdB,LAND,9,1967,w,1,Kofler,Bärbel,J,Z,0,9,Bayern,SPD
MdB / Dipl.-Physikerin,LAND,14,1980,w,1,Kolbe,Daniela,J,Z,0,14,Sachsen,SPD
MdB,LAND,6,1967,w,1,Kömpel,Birgit,J,Z,0,6,Hessen,SPD
MdB,WAHLKREIS,176,1977,m,2,Koob,Markus Benjamin,J,E,Hochtaunus,6,Hessen,CDU/CSU
MdB / Betriebswirt,WAHLKREIS,165,1979,m,2,Körber,Carsten,J,E,Zwickau,14,Sachsen,CDU/CSU
Dipl.-Verwaltungswirtin,LAND,5,1985,w,1,Korkmaz,Elvan,N,Z,0,5,Nordrhein-Westfalen,SPD
Gewerkschaftssekretär,LAND,6,1969,m,1,Körner,Matthias,N,Z,0,6,Hessen,SPD
MdB / Politikwissenschaftler (M. A.),LAND,15,1977,m,34,Korte,Jan,J,Z,0,15,Sachsen-Anhalt,DIE LINKE
MdB,LAND,8,1952,w,5,Kotting-Uhl,Sylvia,J,Z,0,8,Baden-Württemberg,GRÜNE
MdB,LAND,8,1957,w,2,Kovac,Kordula,J,Z,0,8,Baden-Württemberg,CDU/CSU
MdB / parl. Staatssekretärin,LAND,9,1967,w,1,Kramme,Anette,J,Z,0,9,Bayern,SPD
MdL / Politikwissenschaftler,WAHLKREIS,164,1975,m,2,Krauß,Alexander Gerd,N,E,Erzgebirgskreis I,14,Sachsen,CDU/CSU
Gewerkschaftssekretärin,LAND,3,1956,w,34,Krellmann,Jutta,J,Z,0,3,Niedersachsen,DIE LINKE
MdB,WAHLKREIS,157,1975,m,2,Kretschmer,Michael,J,E,Görlitz,14,Sachsen,CDU/CSU
MdB,WAHLKREIS,279,1964,m,2,Krichbaum,Gunther,J,E,Pforzheim,8,Baden-Württemberg,CDU/CSU
MdB / Jurist,WAHLKREIS,109,1969,m,2,Krings,Günter,J,E,Mönchengladbach,5,Nordrhein-Westfalen,CDU/CSU
MdB,LAND,5,1969,m,5,Krischer,Oliver Michael,J,Z,0,5,Nordrhein-Westfalen,GRÜNE
Geschäftsführer,LAND,2,1961,m,2,Kruse,Rüdiger,J,Z,0,2,Hamburg,CDU/CSU
Rechtsanwalt,WAHLKREIS,219,1972,m,3,Kuffer,Michael,N,E,München-Süd,9,Bayern,CDU/CSU
Staatsminister a. D.,LAND,7,1962,m,1,Kühl,Carsten,N,Z,0,7,Rheinland-Pfalz,SPD
MdB,LAND,8,1979,m,5,Kühn,Christian,J,Z,0,8,Baden-Württemberg,GRÜNE
MdB / Dipl.-Soziologe,LAND,14,1979,m,5,Kühn,Stephan,J,Z,0,14,Sachsen,GRÜNE
MdB,LAND,3,1967,m,2,Kühne,Roy,J,Z,0,3,Niedersachsen,CDU/CSU
Rechtsanwältin,LAND,11,1955,w,5,Künast,Renate,J,Z,0,11,Berlin,GRÜNE
Dipl.-Politikwissenschaftler,LAND,5,1966,m,5,Kurth,Markus,J,Z,0,5,Nordrhein-Westfalen,GRÜNE
MdB / Werkzeugmacher,WAHLKREIS,51,1954,m,2,Lach,Günter,J,E,Helmstedt – Wolfsburg,3,Niedersachsen,CDU/CSU
MdB / Techniker,LAND,3,1962,m,2,Lagosky,Uwe,J,Z,0,3,Niedersachsen,CDU/CSU
Rechtsanwältin,LAND,6,1965,w,1,Lambrecht,Christine,J,Z,0,6,Hessen,SPD
MdB / Rechtsanwalt,WAHLKREIS,274,1951,m,2,Lamers,Karl,J,E,Heidelberg,8,Baden-Württemberg,CDU/CSU
MdB,WAHLKREIS,159,1959,m,2,Lämmel,Gottfried Andreas,J,E,Dresden I,14,Sachsen,CDU/CSU
MdB,WAHLKREIS,154,1954,w,2,Landgraf,Katharina,J,E,Leipzig-Land,14,Sachsen,CDU/CSU
MdB / parl. Staatssekretär,LAND,8,1964,m,1,Lange,Christian,J,Z,0,8,Baden-Württemberg,SPD
MdB,WAHLKREIS,254,1969,m,3,Lange,Ulrich,J,E,Donau-Ries,9,Bayern,CDU/CSU
MdB,WAHLKREIS,237,1976,w,3,Launert,Silke,J,E,Bayreuth,9,Bayern,CDU/CSU
MdB,WAHLKREIS,101,1963,m,1,Lauterbach,Karl,J,E,Leverkusen – Köln IV,5,Nordrhein-Westfalen,SPD
Soziologin,LAND,14,1972,w,34,Lay,Caren Nicole,J,Z,0,14,Sachsen,DIE LINKE
MdB,LAND,14,1967,w,5,Lazar,Monika,J,Z,0,14,Sachsen,GRÜNE
Erzieher,WAHLKREIS,152,1967,m,2,Lehmann,Jens,N,E,Leipzig I,14,Sachsen,CDU/CSU
Politikwissenschaftler / Personalentwickler ö. D.,LAND,5,1979,m,5,Lehmann,Sven,N,Z,0,5,Nordrhein-Westfalen,GRÜNE
MdB / Rechtsanwalt,WAHLKREIS,251,1959,m,3,Lehrieder,Paul,J,E,Würzburg,9,Bayern,CDU/CSU
MdB,LAND,6,1961,w,34,Leidig,Sabine,J,Z,0,6,Hessen,DIE LINKE
MdB,WAHLKREIS,180,1975,w,2,Leikert,Katja,J,E,Hanau,6,Hessen,CDU/CSU
MdB,LAND,15,1968,w,5,Lemke,Steffi,J,Z,0,15,Sachsen-Anhalt,GRÜNE
MdB / Werkzeugmacher / Maschinenbautechniker,LAND,16,1967,m,34,Lenkert,Ralph,J,Z,0,16,Thüringen,DIE LINKE
MdB,WAHLKREIS,213,1981,m,3,Lenz,Andreas,J,E,Erding – Ebersberg,9,Bayern,CDU/CSU
MdB / Wirtschaftsprüfer,LAND,9,1952,m,3,Lerchenfeld,Philipp-Nerius Joh. Peter Maria Josef Hugo Emmeran,J,Z,0,9,Bayern,CDU/CSU
Dipl.-Soziologe,LAND,14,1974,m,34,Leutert,Michael Gerhard,J,Z,0,14,Sachsen,DIE LINKE
MdB / Bundesministerin / Ärztin,LAND,3,1958,w,2,Leyen,Ursula,J,Z,0,3,Niedersachsen,CDU/CSU
MdB,WAHLKREIS,201,1960,w,2,Lezius,Antje,J,E,Kreuznach,7,Rheinland-Pfalz,CDU/CSU
MdB / Dipl.-Betriebswirt,WAHLKREIS,76,1972,m,34,Liebich,Stefan,J,E,Berlin-Pankow,11,Berlin,DIE LINKE
wiss. Mitarbeiter,WAHLKREIS,102,1976,m,1,Lindh,Helge,N,E,Wuppertal I,5,Nordrhein-Westfalen,SPD
MdB / Rechtsanwältin,WAHLKREIS,247,1970,w,3,Lindholz,Andrea,J,E,Aschaffenburg,9,Bayern,CDU/CSU
MdB,LAND,7,1982,m,5,Lindner,Tobias,J,Z,0,7,Rheinland-Pfalz,GRÜNE
MdB / Dipl.-Volkswirt,WAHLKREIS,137,1977,m,2,Linnemann,Carsten,J,E,Paderborn – Gütersloh III,5,Nordrhein-Westfalen,CDU/CSU
Handelsfachwirtin,WAHLKREIS,187,1963,w,2,Lips,Patricia,J,E,Odenwald,6,Hessen,CDU/CSU
MdB / Jurist,LAND,15,1965,m,1,Lischka,Burkhard Karl Erich,J,Z,0,15,Sachsen-Anhalt,SPD
Geschäftsführer,WAHLKREIS,275,1986,m,2,Löbel,Nikolas,N,E,Mannheim,8,Baden-Württemberg,CDU/CSU
mittelständ. Unternehmer,WAHLKREIS,217,1955,m,3,Loos,Bernhard,N,E,München-Nord,9,Bayern,CDU/CSU
Student,LAND,14,1988,m,34,Loos,Tilman,N,Z,0,14,Sachsen,DIE LINKE
MdB,LAND,3,1958,w,1,Lotze,Hiltrud,J,Z,0,3,Niedersachsen,SPD
MdB / Philologin,WAHLKREIS,86,1961,w,34,Lötzsch,Gesine,J,E,Berlin-Lichtenberg,11,Berlin,DIE LINKE
MdB / Dipl.-Theologin,LAND,5,1962,w,2,Lücking-Michel,Claudia Maria,J,Z,0,5,Nordrhein-Westfalen,CDU/CSU
Rechtsanwalt,WAHLKREIS,81,1975,m,2,Luczak,Jan-Marco,J,E,Berlin-Tempelhof-Schöneberg,11,Berlin,CDU/CSU
MdAB / Dipl.-Volkswirt,LAND,11,1982,m,2,Ludewig,Gottfried,N,Z,0,11,Berlin,CDU/CSU
MdB,WAHLKREIS,222,1975,w,3,Ludwig,Daniela,J,E,Rosenheim,9,Bayern,CDU/CSU
MdB / Polizistin,LAND,3,1964,w,1,Lühmann,Kirsten,J,Z,0,3,Niedersachsen,SPD
MdB / Maschinenbauer,LAND,10,1969,m,34,Lutze,Thomas,J,Z,0,10,Saarland,DIE LINKE
MdB,WAHLKREIS,259,1962,w,2,Maag,Karin,J,E,Stuttgart II,8,Baden-Württemberg,CDU/CSU
Jurist,LAND,10,1966,m,1,Maas,Heiko Josef,N,Z,0,10,Saarland,SPD
MdB,WAHLKREIS,166,1979,w,2,Magwas,Yvonne,J,E,Vogtlandkreis,14,Sachsen,CDU/CSU
MdB / kfm. Angestellter,LAND,5,1965,m,2,Mahlberg,Thomas,J,Z,0,5,Nordrhein-Westfalen,CDU/CSU
MdB / Bundesminister,WAHLKREIS,155,1954,m,2,Maizière,Thomas,J,E,Meißen,14,Sachsen,CDU/CSU
MdB,LAND,5,1958,w,2,Manderla,Gisela,J,Z,0,5,Nordrhein-Westfalen,CDU/CSU
Bürgermeisterin,LAND,6,1967,w,2,Mannes,Astrid,N,Z,0,6,Hessen,CDU/CSU
MdB / Dipl.-Geografin,LAND,3,1963,w,1,Marks,Caren,J,Z,0,3,Niedersachsen,SPD
Student,LAND,8,1989,m,2,Martin,Dominik,N,Z,0,8,Baden-Württemberg,CDU/CSU
Abteilungsleiter Produktmanagement,LAND,8,1982,m,1,Marvi,Parsa,N,Z,0,8,Baden-Württemberg,SPD
MdB / Landwirt,WAHLKREIS,59,1961,m,2,Marwitz,Hans-Georg,J,E,Märkisch-Oderland – Barnim II,12,Brandenburg,CDU/CSU
MdEP / Dipl.-Volkswirt,LAND,2,1980,m,34,Masi,Fabio Valeriano Lanfranco,N,Z,0,2,Hamburg,DIE LINKE
MdB,LAND,8,1971,w,1,Mast,Katja,J,Z,0,8,Baden-Württemberg,SPD
Theologe,LAND,16,1961,m,1,Matschie,Christoph,N,Z,0,16,Thüringen,SPD
MdB / Industriekaufmann,WAHLKREIS,34,1969,m,2,Mattfeldt,Andreas,J,E,Osterholz – Verden,3,Niedersachsen,CDU/CSU
MdB,LAND,8,1954,w,1,Mattheis,Hildegard,J,Z,0,8,Baden-Württemberg,SPD
MdB / Rechtsanwalt,WAHLKREIS,212,1973,m,3,Mayer,Stephan,J,E,Altötting,9,Bayern,CDU/CSU
MdB,LAND,9,1953,m,3,Meier,Reiner,J,Z,0,9,Bayern,CDU/CSU
Angestellte / Büroleiterin,LAND,5,1963,w,1,Meiers,Ute,N,Z,0,5,Nordrhein-Westfalen,SPD
Dipl.-Politikwissenschaftler,LAND,11,1975,m,34,Meiser,Pascal,N,Z,0,11,Berlin,DIE LINKE
Dipl.-Mathematiker,WAHLKREIS,188,1961,m,2,Meister,Michael Günther,J,E,Bergstraße,6,Hessen,CDU/CSU
MdB,WAHLKREIS,15,1954,w,2,Merkel,Angela Dorothea,J,E,Vorpommern-Rügen – Vorpommern-Greifswald I,13,Mecklenburg-Vorpommern,CDU/CSU
Winzer / Dipl.-Betriebswirt (FH),WAHLKREIS,206,1981,m,2,Metzler,Jan,J,E,Worms,7,Rheinland-Pfalz,CDU/CSU
MdB,WAHLKREIS,238,1949,m,3,Michelbach,Hans Georg,J,E,Coburg,9,Bayern,CDU/CSU
MdB / Rechtsanwalt,WAHLKREIS,39,1964,m,2,Middelberg,Mathias,J,E,Stadt Osnabrück,3,Niedersachsen,CDU/CSU
MdB / Rechtsanwalt,WAHLKREIS,47,1968,m,1,Miersch,Matthias,J,E,Hannover-Land II,3,Niedersachsen,SPD
Polizeibeamtin a. D.,LAND,5,1976,w,5,Mihalic,Irene,J,Z,0,5,Nordrhein-Westfalen,GRÜNE
MdB / Dipl.-Biologe,LAND,11,1964,m,1,Mindrup,Klaus,J,Z,0,11,Berlin,SPD
Polizeibeamtin,LAND,3,1958,w,1,Mittag,Susanne,J,Z,0,3,Niedersachsen,SPD
Dipl.-Sozialökonomin,LAND,1,1960,w,34,Möhring,Cornelia,J,Z,0,1,Schleswig-Holstein,DIE LINKE
Dipl.-Kaufmann (FH) / Speditionskaufmann,LAND,3,1984,m,1,Mohrs,Falko,N,Z,0,3,Niedersachsen,SPD
Lehrerin (StRin),WAHLKREIS,26,1983,w,1,Möller,Siemtje,N,E,Friesland – Wilhelmshaven – Wittmund,3,Niedersachsen,SPD
MdB / Rechtsanwalt,WAHLKREIS,12,1957,m,2,Monstadt,Dietrich,J,E,Schwerin – Ludwigslust-Parchim I – Nordwestmecklenburg I,13,Mecklenburg-Vorpommern,CDU/CSU
MdB,LAND,5,1949,m,2,Möring,Karsten,J,Z,0,5,Nordrhein-Westfalen,CDU/CSU
MdB / Hauswirtschaftsmeisterin,WAHLKREIS,246,1955,w,3,Mortler,Marlene,J,E,Roth,9,Bayern,CDU/CSU
MdB / selbst. Versicherungskaufmann,LAND,5,1955,m,2,Mosblech,Volker,J,Z,0,5,Nordrhein-Westfalen,CDU/CSU
MdB / Staatsrätin a. D.,LAND,4,1952,w,2,Motschmann,Elisabeth Charlotte,J,Z,0,4,Bremen,CDU/CSU
Jurist,LAND,5,1984,m,34,Movassat,Niema,J,Z,0,5,Nordrhein-Westfalen,DIE LINKE
Richter,WAHLKREIS,294,1963,m,2,Müller,Axel,N,E,Ravensburg,8,Baden-Württemberg,CDU/CSU
MdB,LAND,6,1959,w,1,Müller,Bettina,J,Z,0,6,Hessen,SPD
Rechtsanwalt / Bankkaufmann,LAND,3,1970,m,2,Müller,Carsten,J,Z,0,3,Niedersachsen,CDU/CSU
Betriebswirtin,LAND,13,1981,w,5,Müller,Claudia,N,Z,0,13,Mecklenburg-Vorpommern,GRÜNE
Lokomotivführer,LAND,14,1964,m,1,Müller,Detlef,J,Z,0,14,Sachsen,SPD
MdB / Bundesminister,WAHLKREIS,256,1955,m,3,Müller,Gerhard (Gerd),J,E,Oberallgäu,9,Bayern,CDU/CSU
MdB / Student,LAND,12,1986,m,34,Müller,Norbert,J,Z,0,12,Brandenburg,DIE LINKE
Dipl.-Bankbetriebswirt (FS),WAHLKREIS,70,1989,m,2,Müller,Sepp,N,E,Dessau – Wittenberg,15,Sachsen-Anhalt,CDU/CSU
parl. Staatssekretär,WAHLKREIS,242,1975,m,3,Müller,Stefan,J,E,Erlangen,9,Bayern,CDU/CSU
MdB,LAND,8,1960,w,5,Müller-Gemmeke,Beate,J,Z,0,8,Baden-Württemberg,GRÜNE
Journalistin,WAHLKREIS,141,1980,w,1,Müntefering,Michelle,J,E,Herne – Bochum II,5,Nordrhein-Westfalen,SPD
Politikwissenschaftler,WAHLKREIS,95,1959,m,1,Mützenich,Rolf,J,E,Köln III,5,Nordrhein-Westfalen,SPD
MdB / Literaturwissenschaftlerin (M. A.),LAND,7,1970,w,1,Nahles,Andrea,J,Z,0,7,Rheinland-Pfalz,SPD
Dipl.-Kaufmann,LAND,8,1981,m,2,Natterer,Christian,N,Z,0,8,Baden-Württemberg,CDU/CSU
Dipl.-Wirtschaftsingenieurin,LAND,1,1977,w,5,Nestle,Ingrid,N,Z,0,1,Schleswig-Holstein,GRÜNE
Politikwissenschaftler,LAND,5,1969,m,34,Neu,Alexander,J,Z,0,5,Nordrhein-Westfalen,DIE LINKE
MdB / Dipl.-Kaufmann / M.I.P.P.,WAHLKREIS,204,1967,m,2,Nick,Andreas,J,E,Montabaur,7,Rheinland-Pfalz,CDU/CSU
Industriekauffrau,WAHLKREIS,1,1965,w,2,Nicolaisen,Petra,N,E,Flensburg – Schleswig,1,Schleswig-Holstein,CDU/CSU
MdB,LAND,5,1964,m,1,Nietan,Dietmar,J,Z,0,5,Nordrhein-Westfalen,SPD
MdB,LAND,6,1959,w,1,Nissen,Ulrike,J,Z,0,6,Hessen,SPD
MdB / Rechtsanwältin,WAHLKREIS,104,1959,w,2,Noll,Michaela,J,E,Mettmann I,5,Nordrhein-Westfalen,CDU/CSU
MdB / Kulturwissenschaftler,LAND,12,1957,m,34,Nord,Thomas Hans,J,Z,0,12,Brandenburg,DIE LINKE
MdB / Jurist,LAND,1,1971,m,5,Notz,Konstantin,J,Z,0,1,Schleswig-Holstein,GRÜNE
selbständig,LAND,6,1975,m,5,Nouripour,Omid,J,Z,0,6,Hessen,GRÜNE
MdB / Kaufmann,LAND,5,1941,m,2,Nowak,Helmut,J,Z,0,5,Nordrhein-Westfalen,CDU/CSU
MdB / Dipl.-Kaufmann,WAHLKREIS,255,1969,m,3,Nüßlein,Georg,J,E,Neu-Ulm,9,Bayern,CDU/CSU
MdB,LAND,9,1984,w,3,Obermeier,Julia Stephanie,J,Z,0,9,Bayern,CDU/CSU
Rechtsanwalt,WAHLKREIS,89,1975,m,2,Oellers,Wilfried,J,E,Heinsberg,5,Nordrhein-Westfalen,CDU/CSU
Jurist,LAND,3,1986,m,2,Oppelt,Maximilian,N,Z,0,3,Niedersachsen,CDU/CSU
MdB / Jurist,WAHLKREIS,53,1954,m,1,Oppermann,Thomas,J,E,Göttingen,3,Niedersachsen,SPD
Fachwirtin im Gastgewerbe,LAND,10,1986,w,1,Ortleb,Josephine Loulou,N,Z,0,10,Saarland,SPD
Dipl.-Volkswirt (Univ.),WAHLKREIS,228,1980,m,3,Oßner,Florian,J,E,Landshut,9,Bayern,CDU/CSU
Bauer,LAND,5,1953,m,5,Ostendorff,Friedrich,J,Z,0,5,Nordrhein-Westfalen,GRÜNE
Bürgermeister,WAHLKREIS,199,1971,m,2,Oster,Josef,N,E,Koblenz,7,Rheinland-Pfalz,CDU/CSU
MdB / Rechtsanwalt,LAND,5,1979,m,2,Ostermann,Tim,J,Z,0,5,Nordrhein-Westfalen,CDU/CSU
MdB,WAHLKREIS,44,1968,m,2,Otte,Henning,J,E,Celle – Uelzen,3,Niedersachsen,CDU/CSU
MdB,LAND,8,1965,m,5,Özdemir,Cem,J,Z,0,8,Baden-Württemberg,GRÜNE
MdB,WAHLKREIS,116,1987,m,1,Özdemir,Mahmut,J,E,Duisburg II,5,Nordrhein-Westfalen,SPD
MdB / Staatsministerin,WAHLKREIS,22,1967,w,1,Özoğuz,Aydan Saliha,J,E,Hamburg-Wandsbek,2,Hamburg,SPD
MdB / Hauswirtschaftsleiterin,LAND,3,1957,w,2,Pahlmann,Ingrid,J,Z,0,3,Niedersachsen,CDU/CSU
MdB,WAHLKREIS,107,1961,w,2,Pantel,Sylvia,J,E,Düsseldorf II,5,Nordrhein-Westfalen,CDU/CSU
MdB / Gewerkschaftssekretär,LAND,3,1963,m,1,Paschke,Markus Alfred Josef,J,Z,0,3,Niedersachsen,SPD
MdB,WAHLKREIS,63,1947,m,2,Patzelt,Martin Maria Otto Felix,J,E,Frankfurt (Oder) – Oder-Spree,12,Brandenburg,CDU/CSU
MdB / Dipl.-Kaufmann,LAND,11,1984,m,2,Pätzold,Martin,J,Z,0,11,Berlin,CDU/CSU
MdB,WAHLKREIS,85,1963,w,34,Pau,Petra,J,E,Berlin-Marzahn-Hellersdorf,11,Berlin,DIE LINKE
MdB / Dipl.-Volkswirtin,LAND,11,1968,w,5,Paus,Elisabeth (Lisa),J,Z,0,11,Berlin,GRÜNE
Studentin,LAND,6,1992,w,1,Pawlik,Natalie,N,Z,0,6,Hessen,SPD
Geschäftsführer / Politikwissenschaftler,LAND,3,1982,m,34,Perli,Victor Angelo,N,Z,0,3,Niedersachsen,DIE LINKE
Dipl.-Verwaltungswirt,LAND,10,1965,m,1,Petry,Christian,J,Z,0,10,Saarland,SPD
MdB / Dipl.-Kaufmann,WAHLKREIS,264,1967,m,2,Pfeiffer,Joachim,J,E,Waiblingen,8,Baden-Württemberg,CDU/CSU
wiss. Angestellter,LAND,8,1965,m,34,Pflüger,Tobias,N,Z,0,8,Baden-Württemberg,DIE LINKE
MdB / Lehrer,LAND,7,1955,m,1,Pilger,Detlev,J,Z,0,7,Rheinland-Pfalz,SPD
Arzt,WAHLKREIS,220,1987,m,3,Pilsinger,Stephan,N,E,München-West/Mitte,9,Bayern,CDU/CSU
Pressereferent,WAHLKREIS,21,1985,m,2,Ploß,Christoph Johannes,N,E,Hamburg-Nord,2,Hamburg,CDU/CSU
MdL / Dipl.-Volkswirtin,LAND,3,1978,w,5,Polat,Filiz,N,Z,0,3,Niedersachsen,GRÜNE
MdB / Glasermeister,WAHLKREIS,37,1962,m,2,Pols,Eckhard,J,E,Lüchow-Dannenberg – Lüneburg,3,Niedersachsen,CDU/CSU
Betriebswirtin (VWA),WAHLKREIS,143,1968,w,1,Poschmann,Sabine,J,E,Dortmund II,5,Nordrhein-Westfalen,SPD
Dipl.-Soziologe,LAND,5,1959,m,1,Post,Achim,J,Z,0,5,Nordrhein-Westfalen,SPD
MdB / Dipl.-Kaufmann,LAND,9,1981,m,1,Post,Florian,J,Z,0,9,Bayern,SPD
MdB / parl. Staatssekretär,LAND,9,1972,m,1,Pronold,Florian,J,Z,0,9,Bayern,SPD
MdB,LAND,6,1968,m,1,Raabe,Sascha Markus,J,Z,0,6,Hessen,SPD
MdB,LAND,14,1962,w,1,Raatz,Simone,J,Z,0,14,Sachsen,SPD
MdB,LAND,6,1971,m,1,Rabanus,Martin Hermann,J,Z,0,6,Hessen,SPD
MdB / parl. Staatssekretär,WAHLKREIS,90,1962,m,2,Rachel,Thomas,J,E,Düren,5,Nordrhein-Westfalen,CDU/CSU
MdB / Lehrerin,LAND,5,1974,w,2,Radomski,Kerstin,J,Z,0,5,Nordrhein-Westfalen,CDU/CSU
MdB,WAHLKREIS,223,1964,m,3,Radwan,Alexander Gamal,J,E,Bad Tölz-Wolfratshausen – Miesbach,9,Bayern,CDU/CSU
MdB / Metzgermeister,WAHLKREIS,231,1965,m,3,Rainer,Alois Georg Josef,J,E,Straubing,9,Bayern,CDU/CSU
MdB / Müllermeister / Dipl.-Kaufmann,WAHLKREIS,225,1954,m,3,Ramsauer,Peter,J,E,Traunstein,9,Bayern,CDU/CSU
Generalstaatsanwalt,WAHLKREIS,60,1953,m,1,Rautenberg,Erardo,N,E,Brandenburg an der Havel – Potsdam-Mittelmark I – Havelland III – Teltow-Fläming I,12,Brandenburg,SPD
MdB / Dipl.-Pädagogin,LAND,11,1957,w,1,Rawert,Mechthild,J,Z,0,11,Berlin,SPD
MdB,LAND,8,1962,m,1,Rebmann,Stefan,J,Z,0,8,Baden-Württemberg,SPD
MdB / Dipl.-Ing. für Informationsverwaltung,WAHLKREIS,17,1954,m,2,Rehberg,Eckhardt Harald,J,E,Mecklenburgische Seenplatte II – Landkreis Rostock III,13,Mecklenburg-Vorpommern,CDU/CSU
Dipl.-Mathematiker,LAND,14,1968,m,2,Reichel,Markus,N,Z,0,14,Sachsen,CDU/CSU
MdB / Biotechnologin,WAHLKREIS,50,1967,w,1,Reimann,Carola,J,E,Braunschweig,3,Niedersachsen,SPD
MdB / wiss. Mitarbeiterin,LAND,16,1967,w,34,Renner,Martina,J,Z,0,16,Thüringen,DIE LINKE
Musikproduzent / Kulturstaatssekretär a. D.,LAND,11,1964,m,1,Renner,Tim,N,Z,0,11,Berlin,SPD
MdB,LAND,3,1962,w,1,Ridder,Daniela,J,Z,0,3,Niedersachsen,SPD
MdB,WAHLKREIS,293,1957,m,2,Riebsamen,Lothar,J,E,Bodensee,8,Baden-Württemberg,CDU/CSU
MdB / Landwirtschaftsmeister,WAHLKREIS,292,1960,m,2,Rief,Josef,J,E,Biberach,8,Baden-Württemberg,CDU/CSU
Parteivorsitzender,LAND,8,1955,m,34,Riexinger,Bernd,N,Z,0,8,Baden-Württemberg,DIE LINKE
Elektromeister in der Energiewirtschaft,LAND,5,1962,m,1,Rimkus,Andreas,J,Z,0,5,Nordrhein-Westfalen,SPD
Jurist,LAND,5,1987,m,1,Rinkert,Daniel,N,Z,0,5,Nordrhein-Westfalen,SPD
Erzieher,LAND,1,1975,m,1,Rix,Sönke,J,Z,0,1,Schleswig-Holstein,SPD
MdB / Rechtsanwalt,WAHLKREIS,27,1986,m,1,Rohde,Dennis,J,E,Oldenburg – Ammerland,3,Niedersachsen,SPD
MdB / staatl. geprüfter Landwirt,WAHLKREIS,126,1959,m,2,Röring,Johannes August,J,E,Borken II,5,Nordrhein-Westfalen,CDU/CSU
MdB / Erziehungswissenschaftlerin,WAHLKREIS,35,1970,w,2,Rösel,Kathrin,J,E,Rotenburg I – Heidekreis,3,Niedersachsen,CDU/CSU
MdB / Dipl.-Volkswirt,LAND,8,1976,m,1,Rosemann,Martin,J,Z,0,8,Baden-Württemberg,SPD
MdB / Dipl.-Biologe,WAHLKREIS,138,1964,m,1,Röspel,René,J,E,Hagen – Ennepe-Ruhr-Kreis I,5,Nordrhein-Westfalen,SPD
MdB / Dipl.-Psychologe,LAND,1,1951,m,1,Rossmann,Ernst Dieter,J,Z,0,1,Schleswig-Holstein,SPD
MdB,LAND,7,1966,w,5,Rößner,Tabea,J,Z,0,7,Rheinland-Pfalz,GRÜNE
MdB / Dramaturgin,LAND,9,1955,w,5,Roth,Claudia Benedikta,J,Z,0,9,Bayern,GRÜNE
Staatsminister,WAHLKREIS,169,1970,m,1,Roth,Michael,J,E,Werra-Meißner – Hersfeld-Rotenburg,6,Hessen,SPD
Rechtsanwalt,WAHLKREIS,98,1965,m,2,Röttgen,Norbert,J,E,Rhein-Sieg-Kreis II,5,Nordrhein-Westfalen,CDU/CSU
Betriebsrat,LAND,6,1977,m,1,Rottloff,Simon,N,Z,0,6,Hessen,SPD
Juristin,LAND,9,1972,w,5,Rottmann,Manuela,N,Z,0,9,Bayern,GRÜNE
Handelsattaché,WAHLKREIS,112,1978,m,2,Rouenhoff,Stefan,N,E,Kleve,5,Nordrhein-Westfalen,CDU/CSU
MdB / Dipl.-Betriebswirt,WAHLKREIS,197,1955,m,2,Rüddel,Erwin,J,E,Neuwied,7,Rheinland-Pfalz,CDU/CSU
Politikerin,LAND,7,1975,w,5,Rüffer,Corinna,J,Z,0,7,Rheinland-Pfalz,GRÜNE
MdB / Dipl.-Volkswirt,WAHLKREIS,235,1968,m,3,Rupprecht,Albert,J,E,Weiden,9,Bayern,CDU/CSU
MdB,LAND,14,1977,w,1,Rüthrich,Susann,J,Z,0,14,Sachsen,SPD
MdB / techn. Oberamtsrat a. D.,LAND,9,1968,m,1,Rützel,Bernd,J,Z,0,9,Bayern,SPD
MdB / Dipl.-Politikwissenschaftlerin,WAHLKREIS,54,1983,w,1,Ryglewski,Sarah Janina,J,E,Bremen I,4,Bremen,SPD
MdB / Dipl.-Verwaltungswirt (FH),WAHLKREIS,24,1967,m,1,Saathoff,Johann,J,E,Aurich – Emden,3,Niedersachsen,SPD
Historiker,LAND,2,1982,m,5,Sarrazin,Manuel Ferdinand Theodor,J,Z,0,2,Hamburg,GRÜNE
Bürgermeister,WAHLKREIS,184,1966,m,2,Sauer,Stefan,N,E,Groß-Gerau,6,Hessen,CDU/CSU
MdB / Dipl.-Chemikerin,LAND,8,1953,w,1,Sawade,Annette,J,Z,0,8,Baden-Württemberg,SPD
MdB / Angestellte,WAHLKREIS,210,1951,w,2,Schäfer,Anita,J,E,Pirmasens,7,Rheinland-Pfalz,CDU/CSU
MdB,WAHLKREIS,140,1952,m,1,Schäfer,Axel,J,E,Bochum I,5,Nordrhein-Westfalen,SPD
MdB / Bundesminister,WAHLKREIS,284,1942,m,2,Schäuble,Wolfgang,J,E,Offenburg,8,Baden-Württemberg,CDU/CSU
Film- und Fernsehwissenschaftlerin,LAND,5,1966,w,5,Schauws,Ursula (Ulle),J,Z,0,5,Nordrhein-Westfalen,GRÜNE
Juristin / Politikwissenschaftlerin / Musikerin,LAND,1,1971,w,1,Scheer,Nina,J,Z,0,1,Schleswig-Holstein,SPD
MdB,WAHLKREIS,229,1974,m,3,Scheuer,Andreas Franz,J,E,Passau,9,Bayern,CDU/CSU
MdB / Volkswirt,LAND,8,1972,m,5,Schick,Gerhard,J,Z,0,8,Baden-Württemberg,GRÜNE
MdB / Juristin,LAND,9,1962,w,1,Schieder,Marianne,J,Z,0,9,Bayern,SPD
MdB,LAND,5,1959,m,1,Schiefner,Udo,J,Z,0,5,Nordrhein-Westfalen,SPD
Dipl.-Politologin / Politikwissenschaftlerin,WAHLKREIS,62,1979,w,2,Schimke,Jana,J,E,Dahme-Spreewald – Teltow-Fläming III – Oberspreewald-Lausitz I,12,Brandenburg,CDU/CSU
MdB,WAHLKREIS,192,1976,m,2,Schipanski,Tankred,J,E,Gotha – Ilm-Kreis,16,Thüringen,CDU/CSU
MdL,LAND,8,1973,m,1,Schmid,Nils,N,Z,0,8,Baden-Württemberg,SPD
Bundesminister,WAHLKREIS,243,1957,m,3,Schmidt,Christian,J,E,Fürth,9,Bayern,CDU/CSU
Historikerin,LAND,6,1973,w,1,Schmidt,Dagmar,J,Z,0,6,Hessen,SPD
Sozialwissenschaftler,LAND,5,1953,m,5,Schmidt,Frithjof,J,Z,0,5,Nordrhein-Westfalen,GRÜNE
Lehrerin für Sonderpädagogik,LAND,5,1949,w,1,Schmidt,Ursula (Ulla),J,Z,0,5,Nordrhein-Westfalen,SPD
Hafenfacharbeiter,WAHLKREIS,55,1966,m,1,Schmidt,Uwe,N,E,Bremen II – Bremerhaven,4,Bremen,SPD
Ärztin,LAND,1,1966,w,2,Schmidtke,Claudia,N,Z,0,1,Schleswig-Holstein,CDU/CSU
Bankkaufmann,LAND,16,1976,m,1,Schneider,Carsten,J,Z,0,16,Thüringen,SPD
MdB / Rechtsanwalt,WAHLKREIS,202,1968,m,2,Schnieder,Patrick,J,E,Bitburg,7,Rheinland-Pfalz,CDU/CSU
MdB,WAHLKREIS,298,1983,w,2,Schön,Nadine,J,E,St. Wendel,10,Saarland,CDU/CSU
wiss. Mitarbeiterin,LAND,9,1981,w,1,Schrader,Katharina Marianne Ute,N,Z,0,9,Bayern,SPD
wiss. Mitarbeiter Bundestag,WAHLKREIS,46,1983,m,1,Schraps,Johannes,N,E,Hameln-Pyrmont – Holzminden,3,Niedersachsen,SPD
MdL,WAHLKREIS,288,1986,m,2,Schreiner,Felix,N,E,Waldshut,8,Baden-Württemberg,CDU/CSU
Studienrat,LAND,9,1977,m,1,Schrodi,Michael,N,Z,0,9,Bayern,SPD
Angestellte,WAHLKREIS,61,1976,w,1,Schüle,Manja,N,E,Potsdam – Potsdam-Mittelmark II – Teltow-Fläming II,12,Brandenburg,SPD
MdB / Hausfrau,LAND,5,1952,w,1,Schulte,Ursula,J,Z,0,5,Nordrhein-Westfalen,SPD
Buchhändler,LAND,5,1955,m,1,Schulz,Martin,N,Z,0,5,Nordrhein-Westfalen,SPD
MdB,LAND,11,1968,m,1,Schulz,Swen,J,Z,0,11,Berlin,SPD
Kommunikationswissenschaftlerin,LAND,6,1956,w,5,Schulz-Asche,Kordula Anna Paula,J,Z,0,6,Hessen,GRÜNE
MdB / Dipl.-Lehrer,WAHLKREIS,64,1954,m,2,Schulze,Klaus-Peter Friedrich Walter,J,E,Cottbus – Spree-Neiße,12,Brandenburg,CDU/CSU
Groß- und Außenhandelskaufmann,WAHLKREIS,111,1957,m,2,Schummer,Uwe,J,E,Viersen,5,Nordrhein-Westfalen,CDU/CSU
MdB / Dipl.-Betriebswirt,LAND,9,1954,m,1,Schurer,Ewald,J,Z,0,9,Bayern,SPD
MdB,WAHLKREIS,282,1961,m,2,Schuster,Armin,J,E,Lörrach – Müllheim,8,Baden-Württemberg,CDU/CSU
MdB,WAHLKREIS,121,1970,m,1,Schwabe,Frank,J,E,Recklinghausen I,5,Nordrhein-Westfalen,SPD
MdB / Industriemechaniker,WAHLKREIS,133,1974,m,1,Schwartze,Stefan,J,E,Herford – Minden-Lübbecke II,5,Nordrhein-Westfalen,SPD
MdB / Dipl.-Betriebswirt (FH),LAND,9,1965,m,1,Schwarz,Andreas,J,Z,0,9,Bayern,SPD
MdB / parl. Staatssekretärin,LAND,8,1962,w,1,Schwarzelühr-Sutter,Rita,J,Z,0,8,Baden-Württemberg,SPD
MdB / Rechtsanwalts- und Notarfachangestellte,LAND,11,1976,w,2,Schwarzer,Christina,J,Z,0,11,Berlin,CDU/CSU
Dipl.-Ingenieur,WAHLKREIS,74,1968,m,2,Schweiger,Torsten,N,E,Mansfeld,15,Sachsen-Anhalt,CDU/CSU
kfm. Angestellter,WAHLKREIS,52,1970,m,1,Seidel,Marcus,N,E,Goslar – Northeim – Osterode,3,Niedersachsen,SPD
MdB / Rechtsanwalt,WAHLKREIS,92,1962,m,2,Seif,Detlef,J,E,Euskirchen – Rhein-Erft-Kreis II,5,Nordrhein-Westfalen,CDU/CSU
Dipl.-Mathematiker,WAHLKREIS,191,1956,m,2,Selle,Johannes,J,E,Jena – Sömmerda – Weimarer Land I,16,Thüringen,CDU/CSU
MdB / Studiendirektor a. D.,WAHLKREIS,130,1952,m,2,Sendker,Reinhold,J,E,Warendorf,5,Nordrhein-Westfalen,CDU/CSU
MdB / Hochschullehrer,WAHLKREIS,147,1971,m,2,Sensburg,Patrick Ernst Hermann,J,E,Hochsauerlandkreis,5,Nordrhein-Westfalen,CDU/CSU
selbst. Kaufmann,LAND,6,1949,m,2,Siebert,Bernd,J,Z,0,6,Hessen,CDU/CSU
parl. Staatssekretär,WAHLKREIS,236,1968,m,3,Silberhorn,Thomas,J,E,Bamberg,9,Bayern,CDU/CSU
Politikwissenschaftler,WAHLKREIS,185,1981,m,2,Simon,Björn Manuel,N,E,Offenbach,6,Hessen,CDU/CSU
Dipl.-Ökonomin,LAND,15,1960,w,34,Sitte,Petra,J,Z,0,15,Sachsen-Anhalt,DIE LINKE
wiss. Mitarbeiterin,LAND,11,1971,w,34,Sommer,Evrim,N,Z,0,11,Berlin,DIE LINKE
MdB / Rechtsanwalt,WAHLKREIS,69,1975,m,2,Sorge,Tino,J,E,Magdeburg,15,Sachsen-Anhalt,CDU/CSU
MdB / Bankkaufmann,WAHLKREIS,124,1980,m,2,Spahn,Jens,J,E,Steinfurt I – Borken I,5,Nordrhein-Westfalen,CDU/CSU
kfm. Angestellte im Betriebsratsmanagement,LAND,5,1970,w,1,Specker,Nicole,N,Z,0,5,Nordrhein-Westfalen,SPD
selbst. Kaufmann,LAND,5,1961,m,2,Spiecker,Rainer,N,Z,0,5,Nordrhein-Westfalen,CDU/CSU
MdB,LAND,3,1956,m,1,Spiering,Rainer,J,Z,0,3,Niedersachsen,SPD
Polizeibeamter,LAND,5,1957,m,1,Spinrath,Norbert,J,Z,0,5,Nordrhein-Westfalen,SPD
Bürgermeisterin,WAHLKREIS,186,1968,w,1,Sprößler,Christel,N,E,Darmstadt,6,Hessen,SPD
MdB / Senior-PR-Beraterin,LAND,3,1976,w,1,Stadler,Svenja,J,Z,0,3,Niedersachsen,SPD
Biochemikerin (M. Sc.),WAHLKREIS,215,1981,w,3,Staffler,Katrin,N,E,Fürstenfeldbruck,9,Bayern,CDU/CSU
MdB / Marketing- und Kommunikationsmanagerin,LAND,9,1965,w,1,Stamm-Fibich,Martina,J,Z,0,9,Bayern,SPD
Dipl.-Kaufmann,WAHLKREIS,77,1966,m,2,Steffel,Frank,J,E,Berlin-Reinickendorf,11,Berlin,CDU/CSU
Rechtsanwältin,LAND,13,1963,w,1,Steffen,Sonja Amalie,J,Z,0,13,Mecklenburg-Vorpommern,SPD
MdB / Betriebswirt,WAHLKREIS,218,1985,m,3,Stefinger,Wolfgang,J,E,München-Ost,9,Bayern,CDU/CSU
MdB / Landwirtschaftsmeister,WAHLKREIS,31,1976,m,2,Stegemann,Albert,J,E,Mittelems,3,Niedersachsen,CDU/CSU
Dipl.-Ingenieur,WAHLKREIS,203,1972,m,2,Steier,Andreas,N,E,Trier,7,Rheinland-Pfalz,CDU/CSU
Bautechniker,WAHLKREIS,5,1970,m,1,Stein,Jens Mathias,N,E,Kiel,1,Schleswig-Holstein,SPD
MdB,WAHLKREIS,14,1968,m,2,Stein,Peter,J,E,Rostock – Landkreis Rostock II,13,Mecklenburg-Vorpommern,CDU/CSU
Rechtsanwalt,WAHLKREIS,56,1973,m,2,Steineke,Sebastian,J,E,Prignitz – Ostprignitz-Ruppin – Havelland I,12,Brandenburg,CDU/CSU
MdB / Gymnasiallehrer,WAHLKREIS,208,1987,m,2,Steiniger,Johannes,J,E,Neustadt – Speyer,7,Rheinland-Pfalz,CDU/CSU
MdB / Agraringenieurin,LAND,16,1958,w,34,Steinke,Kersten,J,Z,0,16,Thüringen,DIE LINKE
MdB / selbst. Kaufmann,WAHLKREIS,268,1970,m,2,Stetten,Christian Alexander,J,E,Schwäbisch Hall – Hohenlohe,8,Baden-Württemberg,CDU/CSU
MdB / Dipl.-Agraringenieur,WAHLKREIS,73,1964,m,2,Stier,Dieter,J,E,Burgenland – Saalekreis,15,Sachsen-Anhalt,CDU/CSU
MdB,LAND,5,1967,w,2,Stockhofe,Rita,J,Z,0,5,Nordrhein-Westfalen,CDU/CSU
MdB / Dipl.-Betriebswirt (FH),WAHLKREIS,8,1958,m,2,Storjohann,Gero,J,E,Segeberg – Stormarn-Mitte,1,Schleswig-Holstein,CDU/CSU
MdB,WAHLKREIS,257,1974,m,3,Stracke,Stephan,J,E,Ostallgäu,9,Bayern,CDU/CSU
Versicherungskaufmann,WAHLKREIS,230,1954,m,3,Straubinger,Max,J,E,Rottal-Inn,9,Bayern,CDU/CSU
Volkswirt,LAND,6,1964,m,5,Strengmann-Kuhn,Wolfgang,J,Z,0,6,Hessen,GRÜNE
MdB,WAHLKREIS,13,1967,w,2,Strenz,Karin,J,E,Ludwigslust-Parchim II – Nordwestmecklenburg II – Landkreis Rostock I,13,Mecklenburg-Vorpommern,CDU/CSU
MdB / Rechtsanwalt,LAND,1,1957,m,2,Stritzl,Thomas,J,Z,0,1,Schleswig-Holstein,CDU/CSU
MdB / Baufacharbeiter / Pfarrer,WAHLKREIS,65,1959,m,2,Stübgen,Michael,J,E,Elbe-Elster – Oberspreewald-Lausitz II,12,Brandenburg,CDU/CSU
MdB / Dipl.-Sozialpädagogin,WAHLKREIS,41,1968,w,1,Tack,Kerstin,J,E,Stadt Hannover I,3,Niedersachsen,SPD
MdB / Tierärztin,LAND,12,1960,w,34,Tackmann,Kirsten,J,Z,0,12,Brandenburg,DIE LINKE
Sozialarbeiterin (B. A.),LAND,8,1981,w,34,Tatti,Jessica,N,Z,0,8,Baden-Württemberg,DIE LINKE
MdB,WAHLKREIS,175,1974,m,2,Tauber,Peter Michael,J,E,Main-Kinzig – Wetterau II – Schotten,6,Hessen,CDU/CSU
MdB / Dipl.-Geografin,LAND,9,1964,w,1,Tausend,Claudia,J,Z,0,9,Bayern,SPD
Landrat,WAHLKREIS,100,1964,m,2,Tebroke,Hermann-Josef,N,E,Rheinisch-Bergischer Kreis,5,Nordrhein-Westfalen,CDU/CSU
MdL,LAND,13,1958,w,1,Tegtmeier,Martina,N,Z,0,13,Mecklenburg-Vorpommern,SPD
MdB / Polizeibeamter,LAND,16,1969,m,34,Tempel,Frank,J,Z,0,16,Thüringen,DIE LINKE
Dipl.-Politologe,LAND,1,1974,m,1,Teschendorf,Clemens,N,Z,0,1,Schleswig-Holstein,SPD
Dipl.-Chemieingenieur,WAHLKREIS,145,1964,m,1,Thews,Michael,J,E,Hamm – Unna II,5,Nordrhein-Westfalen,SPD
Rechtsanwalt,WAHLKREIS,146,1955,m,2,Thies,Hans-Jürgen,N,E,Soest,5,Nordrhein-Westfalen,CDU/CSU
Tierärztin,LAND,1,1960,w,1,Thissen,Karin,J,Z,0,1,Schleswig-Holstein,SPD
Rechtsanwalt,WAHLKREIS,267,1968,m,2,Throm,Alexander,N,E,Heilbronn,8,Baden-Württemberg,CDU/CSU
Dipl.-Finanzwirtin,WAHLKREIS,193,1964,w,2,Tillmann,Antje,J,E,Erfurt – Weimar – Weimarer Land II,16,Thüringen,CDU/CSU
MdB / Geschäftsführerin,LAND,5,1963,w,2,Timmermann-Fechter,Astrid,J,Z,0,5,Nordrhein-Westfalen,CDU/CSU
Politologe,WAHLKREIS,123,1964,m,1,Töns,Markus,N,E,Gelsenkirchen,5,Nordrhein-Westfalen,SPD
MdB,LAND,9,1973,m,1,Träger,Carsten Dietmar,J,Z,0,9,Bayern,SPD
MdB,LAND,10,1977,m,5,Tressel,Markus Stefan,J,Z,0,10,Saarland,GRÜNE
MdB / Bundesminister a. D.,LAND,3,1954,m,5,Trittin,Jürgen,J,Z,0,3,Niedersachsen,GRÜNE
MdB / Geschäftsführer,LAND,14,1954,m,34,Troost,Axel,J,Z,0,14,Sachsen,DIE LINKE
Dipl.-Kaufmann,WAHLKREIS,299,1979,m,2,Uhl,Markus Alexander,J,E,Homburg,10,Saarland,CDU/CSU
MdB,WAHLKREIS,252,1975,m,3,Ullrich,Volker Michael,J,E,Augsburg-Stadt,9,Bayern,CDU/CSU
MdB,LAND,7,1971,m,34,Ulrich,Alexander,J,Z,0,7,Rheinland-Pfalz,DIE LINKE
MdB,WAHLKREIS,160,1955,m,2,Vaatz,Arnold,J,E,Dresden II – Bautzen II,14,Sachsen,CDU/CSU
MdB,WAHLKREIS,177,1961,m,2,Veith,Oswin,J,E,Wetterau I,6,Hessen,CDU/CSU
MdB / Dipl.-Umweltwissenschaftlerin,LAND,3,1979,w,5,Verlinden,Julia Maria Kornelia,J,Z,0,3,Niedersachsen,GRÜNE
Betriebswirtin,LAND,5,1976,w,2,Vieregge,Kerstin,N,Z,0,5,Nordrhein-Westfalen,CDU/CSU
Bankkaufmann,WAHLKREIS,167,1973,m,2,Viesehon,Thomas,J,E,Waldeck,6,Hessen,CDU/CSU
MdB / Dipl.-Ökonom,LAND,3,1968,m,2,Vietz,Michael,J,Z,0,3,Niedersachsen,CDU/CSU
Dipl.-Ingenieur (FH),WAHLKREIS,194,1959,m,2,Vogel,Volkmar,J,E,Gera – Greiz – Altenburger Land,16,Thüringen,CDU/CSU
MdB,LAND,5,1963,w,34,Vogler,Kathrin,J,Z,0,5,Nordrhein-Westfalen,DIE LINKE
Gymnasiallehrer / Dipl.-Physiker,WAHLKREIS,134,1977,m,2,Vogt,Oliver,N,E,Minden-Lübbecke I,5,Nordrhein-Westfalen,CDU/CSU
MdB / Rechtsanwältin,LAND,8,1964,w,1,Vogt,Ute,J,Z,0,8,Baden-Württemberg,SPD
Studienrätin,WAHLKREIS,40,1984,w,1,Völlers,Marja-Liisa,N,E,Nienburg II – Schaumburg,3,Niedersachsen,SPD
MdB,LAND,5,1976,m,2,Volmering,Sven,J,Z,0,5,Nordrhein-Westfalen,CDU/CSU
selbst. Kaufmann,WAHLKREIS,117,1971,m,1,Vöpel,Dirk,J,E,Oberhausen – Wesel III,5,Nordrhein-Westfalen,SPD
Dipl.-Sozialpädagogin,LAND,5,1961,w,2,Voßbeck-Kayser,Christel,J,Z,0,5,Nordrhein-Westfalen,CDU/CSU
Dipl.-Soziologe / ltd. Angestellter,LAND,2,1974,m,2,Vries,Christoph Bernhard,N,Z,0,2,Hamburg,CDU/CSU
MdB,WAHLKREIS,71,1955,m,2,Vries,Kees,J,E,Anhalt,15,Sachsen-Anhalt,CDU/CSU
MdB / Rechtsanwalt,WAHLKREIS,4,1963,m,2,Wadephul,Johann David,J,E,Rendsburg-Eckernförde,1,Schleswig-Holstein,CDU/CSU
MdB,LAND,5,1969,w,34,Wagenknecht,Sahra,J,Z,0,5,Nordrhein-Westfalen,DIE LINKE
Politikwissenschaftler,LAND,1,1987,m,1,Wagner,Alexander,N,Z,0,1,Schleswig-Holstein,SPD
Stadträtin a. D.,LAND,6,1957,w,5,Wagner,Daniela,N,Z,0,6,Hessen,GRÜNE
MdB / Dipl.-Psychologin,LAND,9,1964,w,5,Walter-Rosenheimer,Beate,J,Z,0,9,Bayern,GRÜNE
MdB / Rechtsanwalt,WAHLKREIS,163,1975,m,2,Wanderwitz,Marco,J,E,Chemnitzer Umland – Erzgebirgskreis II,14,Sachsen,CDU/CSU
MdB / Rechtsanwältin,LAND,8,1979,w,2,Warken,Nina,J,Z,0,8,Baden-Württemberg,CDU/CSU
MdB / Keramikmalerin,LAND,7,1955,w,1,Weber,Gabi,J,Z,0,7,Rheinland-Pfalz,SPD
Industriekaufmann,LAND,5,1959,m,2,Weber,Michael,N,Z,0,5,Nordrhein-Westfalen,CDU/CSU
Schuhmachermeister,WAHLKREIS,296,1957,m,2,Wegner,Bernd Willi,N,E,Saarbrücken,10,Saarland,CDU/CSU
MdB / Versicherungskaufmann,WAHLKREIS,78,1972,m,2,Wegner,Kai,J,E,Berlin-Spandau – Charlottenburg Nord,11,Berlin,CDU/CSU
Dipl.-Verwaltungswirt / Betriebswirt,WAHLKREIS,195,1965,m,2,Weiler,Albert Helmut,J,E,Saalfeld-Rudolstadt – Saale-Holzland-Kreis – Saale-Orla-Kreis,16,Thüringen,CDU/CSU
MdB / Soziologe,LAND,9,1957,m,34,Weinberg,Harald,J,Z,0,9,Bayern,DIE LINKE
MdB,LAND,2,1967,m,2,Weinberg,Marcus,J,Z,0,2,Hamburg,CDU/CSU
MdB / Rechtsanwältin,WAHLKREIS,250,1976,w,3,Weisgerber,Anja,J,E,Schweinfurt,9,Bayern,CDU/CSU
MdB,WAHLKREIS,283,1956,m,2,Weiß,Peter Siegfried,J,E,Emmendingen – Lahr,8,Baden-Württemberg,CDU/CSU
Rechtsanwältin,WAHLKREIS,113,1958,w,2,Weiss,Sabine Katharina,J,E,Wesel I,5,Nordrhein-Westfalen,CDU/CSU
MdB / Vors. Richter am LG a. D.,WAHLKREIS,271,1959,m,2,Wellenreuther,Ingo,J,E,Karlsruhe-Stadt,8,Baden-Württemberg,CDU/CSU
Dipl.-Volkswirt,LAND,7,1985,m,2,Welling,Torsten,N,Z,0,7,Rheinland-Pfalz,CDU/CSU
Steuerfachangestellter,WAHLKREIS,135,1976,m,1,Welslau,Henning,N,E,Lippe I,5,Nordrhein-Westfalen,SPD
MdB,WAHLKREIS,151,1985,m,2,Wendt,Marian,J,E,Nordsachsen,14,Sachsen,CDU/CSU
Kauffrau im Einzelhandel,LAND,7,1973,w,34,Werner,Katrin,J,Z,0,7,Rheinland-Pfalz,DIE LINKE
MdB,LAND,3,1960,m,1,Westphal,Bernd Helmut,J,Z,0,3,Niedersachsen,SPD
selbst. Unternehmensberater,LAND,6,1964,m,2,Wett,Norbert,N,Z,0,6,Hessen,CDU/CSU
Journalistin,LAND,8,1956,w,2,Wetterich,Susanne,N,Z,0,8,Baden-Württemberg,CDU/CSU
MdB / Wirtschaftswissenschaftler (M. Sc.),WAHLKREIS,273,1985,m,2,Whittaker,Kai,J,E,Rastatt,8,Baden-Württemberg,CDU/CSU
MdB / parl. Staatssekretärin,WAHLKREIS,290,1966,w,2,Widmann-Mauz,Annette,J,E,Tübingen,8,Baden-Württemberg,CDU/CSU
Jurist,LAND,5,1983,m,1,Wiese,Dirk,J,Z,0,5,Nordrhein-Westfalen,SPD
Unternehmensberaterin,WAHLKREIS,183,1966,w,2,Wiesmann,Bettina Margarethe,N,E,Frankfurt am Main II,6,Hessen,CDU/CSU
Dipl.-Volkswirt,WAHLKREIS,178,1961,m,2,Willsch,Klaus-Peter,J,E,Rheingau-Taunus – Limburg,6,Hessen,CDU/CSU
Richterin a. D.,WAHLKREIS,97,1962,w,2,Winkelmeier-Becker,Elisabeth,J,E,Rhein-Sieg-Kreis I,5,Nordrhein-Westfalen,CDU/CSU
Dipl.-Geograph,LAND,5,1966,m,2,Wittke,Oliver,J,Z,0,5,Nordrhein-Westfalen,CDU/CSU
MdB / Verwaltungsjuristin,LAND,3,1957,w,2,Woltmann,Barbara,J,Z,0,3,Niedersachsen,CDU/CSU
MdB,LAND,5,1962,w,1,Yüksel,Gülistan,J,Z,0,5,Nordrhein-Westfalen,SPD
Journalist,LAND,5,1954,m,34,Zdebel,Hubertus,J,Z,0,5,Nordrhein-Westfalen,DIE LINKE
MdB,LAND,9,1981,m,3,Zech,Tobias,J,Z,0,9,Bayern,CDU/CSU
MdB,LAND,5,1957,m,2,Zertik,Heinrich,J,Z,0,5,Nordrhein-Westfalen,CDU/CSU
MdB,WAHLKREIS,240,1987,w,3,Zeulner,Emmi,J,E,Kulmbach,9,Bayern,CDU/CSU
Dipl.-Finanzökonomin,LAND,12,1960,w,1,Ziegler,Dagmar,J,Z,0,12,Brandenburg,SPD
Angestellter / Student,LAND,5,1985,m,2,Ziemiak,Paul,N,Z,0,5,Nordrhein-Westfalen,CDU/CSU
Werkzeugmacher / Touristikfachwirt,LAND,12,1970,m,1,Zierke,Stefan,J,Z,0,12,Brandenburg,SPD
Hochschullehrer,WAHLKREIS,182,1961,m,2,Zimmer,Matthias Rainer,J,E,Frankfurt am Main I,6,Hessen,CDU/CSU
MdB,LAND,6,1981,m,1,Zimmermann,Jens,J,Z,0,6,Hessen,SPD
Mediengestalterin,LAND,3,1956,w,34,Zimmermann,Pia-Beate,J,Z,0,3,Niedersachsen,DIE LINKE
MdB,LAND,14,1960,w,34,Zimmermann,Sabine,J,Z,0,14,Sachsen,DIE LINKE
MdB,LAND,9,1960,w,3,Zollner,Gudrun Anna Therese,J,Z,0,9,Bayern,CDU/CSU
